kp_0_x,kp_0_y,kp_0_conf,kp_1_x,kp_1_y,kp_1_conf,kp_2_x,kp_2_y,kp_2_conf,kp_3_x,kp_3_y,kp_3_conf,kp_4_x,kp_4_y,kp_4_conf,kp_5_x,kp_5_y,kp_5_conf,kp_6_x,kp_6_y,kp_6_conf,kp_7_x,kp_7_y,kp_7_conf,kp_8_x,kp_8_y,kp_8_conf,kp_9_x,kp_9_y,kp_9_conf,kp_10_x,kp_10_y,kp_10_conf,kp_11_x,kp_11_y,kp_11_conf,kp_12_x,kp_12_y,kp_12_conf,kp_13_x,kp_13_y,kp_13_conf,kp_14_x,kp_14_y,kp_14_conf,kp_15_x,kp_15_y,kp_15_conf,kp_16_x,kp_16_y,kp_16_conf,label
343.8054504394531,97.81535339355469,0.9985842704772949,362.7296447753906,81.25901794433594,0.9941113591194153,326.2742614746094,80.34870910644531,0.9954959154129028,385.51922607421875,99.17523193359375,0.8822169303894043,300.59796142578125,97.02488708496094,0.9021921753883362,431.38885498046875,207.48915100097656,0.9935054779052734,250.81240844726562,206.73330688476562,0.9976658821105957,500.2749938964844,335.2395324707031,0.9497511982917786,182.9384307861328,333.7450866699219,0.9818284511566162,542.56298828125,422.4223937988281,0.837696373462677,137.7681427001953,427.6851501464844,0.9105445146560669,409.0573425292969,460.26214599609375,0.783604085445404,281.31793212890625,460.01068115234375,0.8494986295700073,452.6524658203125,480.0,0.00938811432570219,217.09237670898438,471.1448974609375,0.013316310942173004,512.1354370117188,480.0,0.000572037126403302,256.19329833984375,458.6220397949219,0.0007252371869981289,0
343.2622985839844,97.68186950683594,0.9985811710357666,362.6593933105469,81.75578308105469,0.9943332672119141,325.82537841796875,80.45626831054688,0.9953067898750305,386.0430603027344,101.3304443359375,0.8903486728668213,300.493408203125,98.36227416992188,0.8949164748191833,431.18402099609375,209.46389770507812,0.9936269521713257,251.38319396972656,208.1075439453125,0.9975595474243164,499.2144775390625,334.8320007324219,0.9520174264907837,183.85443115234375,333.4151306152344,0.9812271595001221,541.794189453125,421.88629150390625,0.844579815864563,137.326171875,430.4842834472656,0.9078704714775085,408.04754638671875,460.98712158203125,0.7837915420532227,280.600341796875,460.3009948730469,0.8455931544303894,450.91217041015625,480.0,0.009598186239600182,214.98370361328125,468.11090087890625,0.013180989772081375,508.66448974609375,480.0,0.0005999188870191574,253.5229949951172,456.11968994140625,0.0007451408309862018,0
343.3440246582031,97.36856079101562,0.998565137386322,362.43438720703125,81.14942932128906,0.9943398833274841,326.0111083984375,80.22480773925781,0.9952033758163452,385.7618103027344,99.97456359863281,0.8935887217521667,301.2564697265625,97.88529968261719,0.8936731815338135,432.13824462890625,208.6054229736328,0.9937538504600525,251.54522705078125,207.91769409179688,0.997562050819397,499.423095703125,335.60955810546875,0.9520565271377563,183.651611328125,334.6482238769531,0.9806078672409058,543.146728515625,421.60711669921875,0.8406206369400024,135.30885314941406,430.8084716796875,0.9028558731079102,408.8744812011719,460.9970703125,0.7757633328437805,281.0855407714844,460.4784240722656,0.8380556106567383,452.59259033203125,480.0,0.009099850431084633,215.86392211914062,467.346435546875,0.012333056889474392,514.3685913085938,480.0,0.0005647180369123816,256.6549987792969,454.69110107421875,0.0006991245900280774,0
344.18511962890625,96.99418640136719,0.9985888600349426,363.4522399902344,81.06732177734375,0.9942785501480103,327.0373840332031,79.77839660644531,0.9953510761260986,386.2801513671875,100.50518798828125,0.8890479803085327,301.7474670410156,97.41830444335938,0.8972613215446472,432.13427734375,209.70362854003906,0.9937704205513,250.7839813232422,207.71932983398438,0.9975336790084839,501.1019592285156,337.94329833984375,0.9517413377761841,183.99537658691406,334.63421630859375,0.9802500009536743,544.6777954101562,423.2544250488281,0.8397684097290039,136.2163543701172,430.5514221191406,0.9018718600273132,408.4492492675781,462.7999267578125,0.7664545774459839,280.1692810058594,461.95916748046875,0.8297945261001587,453.18115234375,480.0,0.008533051237463951,215.70565795898438,468.0482177734375,0.011518503539264202,516.525390625,480.0,0.0005284599610604346,258.87457275390625,456.7635192871094,0.0006497467984445393,0
344.3245544433594,97.39056396484375,0.9985644221305847,363.0422058105469,80.9429931640625,0.9940599799156189,326.95111083984375,80.1849365234375,0.9953585267066956,385.4149169921875,99.08296203613281,0.8834595084190369,301.47998046875,97.29940795898438,0.9005330204963684,431.2002868652344,207.97357177734375,0.9938045740127563,250.83706665039062,207.64720153808594,0.9975985884666443,499.13134765625,335.9125671386719,0.9519988298416138,183.46604919433594,335.43072509765625,0.9806039929389954,543.4326171875,421.427001953125,0.8397879004478455,135.5644073486328,429.9300537109375,0.903087854385376,406.80194091796875,460.6347351074219,0.7809749245643616,279.4442443847656,460.35772705078125,0.8417484760284424,449.515380859375,480.0,0.009277168661355972,214.70223999023438,470.3662414550781,0.012500484474003315,512.3218994140625,480.0,0.000561305379960686,255.90557861328125,457.2526550292969,0.0006884557660669088,0
344.3276672363281,97.716552734375,0.9985874891281128,363.3662414550781,81.162109375,0.9940246939659119,326.7681579589844,80.05908203125,0.9955359697341919,386.052978515625,99.49977111816406,0.8809472918510437,300.9172058105469,96.94723510742188,0.9041820764541626,432.078369140625,209.83934020996094,0.9936349391937256,250.7852783203125,207.73089599609375,0.9976959824562073,500.7218322753906,338.84149169921875,0.9482828974723816,184.44261169433594,335.2271423339844,0.9814930558204651,544.0911254882812,422.3643798828125,0.8334720134735107,138.283447265625,431.76788330078125,0.9067347049713135,408.0240783691406,461.5836486816406,0.7766936421394348,280.3233642578125,460.5450439453125,0.8445163369178772,450.30657958984375,480.0,0.009298852644860744,216.361572265625,470.4376525878906,0.013211079873144627,511.1263427734375,480.0,0.0005750925047323108,256.96392822265625,457.53173828125,0.0007308110943995416,0
345.4930114746094,97.08024597167969,0.9984084963798523,363.50762939453125,80.81182861328125,0.9924768805503845,327.18695068359375,80.2998046875,0.9956679344177246,385.87152099609375,99.33552551269531,0.849324107170105,300.68829345703125,97.84358215332031,0.9272079467773438,432.2398376464844,209.14927673339844,0.9939196109771729,247.96408081054688,206.3399200439453,0.9975357055664062,497.2807312011719,337.1443786621094,0.9421655535697937,177.76031494140625,334.4131774902344,0.9794902205467224,543.1095581054688,424.57769775390625,0.8073943257331848,158.7693634033203,437.9805908203125,0.9011313319206238,408.4797058105469,461.6315002441406,0.7827560305595398,279.92315673828125,462.07647705078125,0.8487164378166199,452.78936767578125,480.0,0.008947433903813362,231.39125061035156,480.0,0.012716630473732948,505.38470458984375,480.0,0.0005209270166233182,274.7899169921875,463.6575927734375,0.00065745780011639,0
345.16851806640625,97.66915893554688,0.9984169006347656,363.4402160644531,81.36137390136719,0.9926908612251282,326.6738586425781,80.92294311523438,0.9956199526786804,386.47747802734375,99.94407653808594,0.855197012424469,300.3969421386719,98.61741638183594,0.925031840801239,432.7502746582031,208.61318969726562,0.9938293099403381,247.81723022460938,206.22938537597656,0.9975197911262512,495.7874755859375,333.5216369628906,0.9439907073974609,177.2390594482422,331.9097900390625,0.9800781011581421,541.4769897460938,423.6140441894531,0.8143715262413025,159.12503051757812,436.65765380859375,0.9046592116355896,408.45611572265625,461.38824462890625,0.7883702516555786,279.1526184082031,461.8135070800781,0.8529850244522095,452.671875,480.0,0.00919918529689312,228.2139892578125,480.0,0.013032210990786552,504.20245361328125,480.0,0.0005378915229812264,270.3768310546875,462.4934387207031,0.0006788303144276142,0
345.09588623046875,97.96316528320312,0.998456597328186,362.9088134765625,81.05712890625,0.9925581216812134,326.2119445800781,81.08169555664062,0.9957905411720276,385.9169921875,98.36323547363281,0.8454284071922302,299.7878723144531,98.22489929199219,0.9267985820770264,432.56353759765625,207.89920043945312,0.9937363862991333,248.51197814941406,204.8827667236328,0.9974965453147888,497.1348571777344,334.22467041015625,0.9427829384803772,177.80743408203125,330.1225891113281,0.980545163154602,543.8271484375,422.975341796875,0.816368043422699,160.34210205078125,438.361572265625,0.9083694219589233,406.8329772949219,461.3291931152344,0.7840343713760376,278.2298583984375,461.5194091796875,0.8511750102043152,452.0322265625,480.0,0.009057690389454365,230.4237518310547,480.0,0.01312148105353117,502.61895751953125,480.0,0.0005320094060152769,269.27197265625,462.4112548828125,0.0006796702509745955,0
345.51654052734375,98.89360046386719,0.9984500408172607,363.1607971191406,81.85050964355469,0.992566704750061,326.9867858886719,81.79829406738281,0.9956772923469543,385.5013427734375,98.647216796875,0.8460899591445923,300.53985595703125,98.2552490234375,0.9255335927009583,432.3919677734375,208.99551391601562,0.9940807223320007,248.13619995117188,206.211669921875,0.9974527955055237,497.0047607421875,337.2902526855469,0.9446067810058594,177.69073486328125,333.6267395019531,0.9789913892745972,544.234130859375,425.5318603515625,0.8146573305130005,158.87049865722656,439.095458984375,0.9005580544471741,407.2465515136719,463.912353515625,0.7804707884788513,278.8043212890625,464.1607666015625,0.8433926105499268,451.0367736816406,480.0,0.008677273988723755,230.26368713378906,480.0,0.011980995535850525,505.19329833984375,480.0,0.0005037752562202513,272.5843200683594,464.2215881347656,0.0006238747737370431,0
345.51654052734375,98.89360046386719,0.9984500408172607,363.1607971191406,81.85050964355469,0.992566704750061,326.9867858886719,81.79829406738281,0.9956772923469543,385.5013427734375,98.647216796875,0.8460899591445923,300.53985595703125,98.2552490234375,0.9255335927009583,432.3919677734375,208.99551391601562,0.9940807223320007,248.13619995117188,206.211669921875,0.9974527955055237,497.0047607421875,337.2902526855469,0.9446067810058594,177.69073486328125,333.6267395019531,0.9789913892745972,544.234130859375,425.5318603515625,0.8146573305130005,158.87049865722656,439.095458984375,0.9005580544471741,407.2465515136719,463.912353515625,0.7804707884788513,278.8043212890625,464.1607666015625,0.8433926105499268,451.0367736816406,480.0,0.008677273988723755,230.26368713378906,480.0,0.011980995535850525,505.19329833984375,480.0,0.0005037752562202513,272.5843200683594,464.2215881347656,0.0006238747737370431,0
342.2131652832031,99.59437561035156,0.998542070388794,361.31884765625,82.80168151855469,0.9944883584976196,324.8275451660156,82.18019104003906,0.994847297668457,385.0751647949219,100.31953430175781,0.9000440835952759,300.2239074707031,98.85099792480469,0.8829221725463867,431.8200988769531,209.21267700195312,0.9942007064819336,251.4802703857422,208.3697052001953,0.9974326491355896,499.4193420410156,337.6036071777344,0.9552854299545288,182.85240173339844,334.91229248046875,0.9788936972618103,541.5239868164062,426.3255615234375,0.8470370173454285,134.89247131347656,433.4212646484375,0.8963677883148193,407.70233154296875,462.8493957519531,0.7852363586425781,280.57879638671875,462.07623291015625,0.8380460739135742,446.23681640625,480.0,0.009505141526460648,214.3824462890625,472.02838134765625,0.0121299484744668,507.8929443359375,480.0,0.0005809175199829042,256.33514404296875,458.531982421875,0.0006901065935380757,0
342.2751159667969,99.94947814941406,0.998542308807373,360.9385681152344,82.9932861328125,0.9943203926086426,324.7956848144531,82.56489562988281,0.99497389793396,384.0673522949219,99.92367553710938,0.8934563398361206,299.8701171875,98.99845886230469,0.8860011100769043,430.6962585449219,208.91465759277344,0.9940844178199768,251.41481018066406,208.2932586669922,0.9973740577697754,499.30279541015625,337.93505859375,0.9546259045600891,183.3844757080078,334.8709716796875,0.9788642525672913,540.5328369140625,426.6346130371094,0.8464368581771851,135.7837371826172,431.99169921875,0.8979322910308838,405.9468688964844,462.1148681640625,0.7838460803031921,279.4458923339844,461.4461669921875,0.8370038270950317,445.9989929199219,480.0,0.009538563899695873,214.6943359375,471.7677917480469,0.012243558652698994,506.62890625,480.0,0.0005849640001542866,254.11663818359375,458.6006774902344,0.0006945559871383011,0
341.730224609375,100.04837036132812,0.9985583424568176,360.7599182128906,82.950927734375,0.9945145845413208,324.5366516113281,82.38204956054688,0.994934618473053,384.39837646484375,100.08067321777344,0.9010928869247437,300.2889404296875,98.76473999023438,0.8839590549468994,432.4241638183594,210.32827758789062,0.9940872192382812,250.63333129882812,210.0736846923828,0.9974367022514343,500.27197265625,338.54803466796875,0.9536113142967224,183.8196258544922,337.0104064941406,0.9788175225257874,543.6066284179688,425.0488586425781,0.8432878255844116,133.97593688964844,432.52764892578125,0.8954200148582458,408.32977294921875,464.4595031738281,0.770588219165802,280.2427978515625,463.6647033691406,0.8280879259109497,449.72149658203125,480.0,0.00923838373273611,212.63381958007812,466.8262023925781,0.01195573527365923,515.5198974609375,480.0,0.0005920787225477397,256.48193359375,455.2420654296875,0.0007145909476093948,0
341.6085510253906,100.23294067382812,0.9983856678009033,360.73211669921875,82.77757263183594,0.9933401942253113,322.9532165527344,82.39883422851562,0.9950501322746277,385.45135498046875,100.99191284179688,0.8824211955070496,297.3681945800781,100.00736999511719,0.9083707928657532,434.2569580078125,214.25433349609375,0.9941096305847168,246.06463623046875,214.05137634277344,0.9972981810569763,496.9815979003906,336.82952880859375,0.9454041719436646,179.4395294189453,339.06317138671875,0.9769883751869202,543.4918823242188,428.0810546875,0.8157607316970825,153.9534149169922,437.4248352050781,0.8926328420639038,411.2696838378906,468.23077392578125,0.7719683647155762,280.55194091796875,468.53955078125,0.833409309387207,454.126953125,480.0,0.00837926845997572,225.11424255371094,480.0,0.011193214915692806,511.05322265625,480.0,0.0004998680087737739,272.9536437988281,462.050537109375,0.0006175666349008679,0
340.4492492675781,100.38658142089844,0.9984928369522095,360.1476135253906,83.20005798339844,0.9946169257164001,322.88275146484375,82.53585815429688,0.9946998357772827,384.95135498046875,101.708251953125,0.9106703400611877,298.63665771484375,100.28399658203125,0.881641685962677,433.713623046875,213.7841033935547,0.9939326643943787,248.73907470703125,214.8509521484375,0.9974547028541565,497.9358825683594,338.8312683105469,0.950687825679779,184.00462341308594,340.59918212890625,0.9779291749000549,537.6112060546875,427.2265319824219,0.8351319432258606,137.09652709960938,431.674560546875,0.8923259377479553,410.50421142578125,465.1683349609375,0.7755693793296814,280.6971435546875,464.58544921875,0.8343483805656433,451.41473388671875,480.0,0.009426507167518139,211.50677490234375,470.7930908203125,0.012356102466583252,516.1588745117188,480.0,0.000595014775171876,257.5610656738281,457.44921875,0.0007298172567971051,0
340.392822265625,100.06199645996094,0.9985271692276001,360.3189392089844,82.56842041015625,0.9947256445884705,322.81243896484375,81.54461669921875,0.9946187734603882,384.9817810058594,101.1861572265625,0.9134670495986938,298.0961608886719,99.10240173339844,0.8779123425483704,434.2555847167969,216.3483428955078,0.9944753050804138,248.04281616210938,217.08963012695312,0.9974607229232788,499.2237548828125,340.4478759765625,0.9538109302520752,186.0973358154297,341.7593994140625,0.9770070314407349,539.5844116210938,428.33197021484375,0.8426092863082886,133.46939086914062,432.502685546875,0.8890742659568787,410.912109375,467.13092041015625,0.7836637496948242,281.0754699707031,465.9549255371094,0.835323691368103,452.04937744140625,480.0,0.009924267418682575,212.37408447265625,471.9971008300781,0.012496271170675755,519.1530151367188,480.0,0.0006137207383289933,260.399658203125,457.88494873046875,0.0007379009621217847,0
339.8684997558594,100.335205078125,0.9983469247817993,359.7455139160156,82.99880981445312,0.9938690066337585,321.38232421875,82.49234008789062,0.9945635199546814,385.8207702636719,102.00730895996094,0.9027568697929382,296.82708740234375,100.63496398925781,0.8977169394493103,435.1641845703125,215.2729034423828,0.9946498274803162,245.1299591064453,215.66920471191406,0.9972308278083801,495.8381652832031,337.0147705078125,0.9499309062957764,179.4847869873047,341.54388427734375,0.9749967455863953,544.805419921875,426.2094421386719,0.8237712979316711,154.1641845703125,436.053466796875,0.8833329081535339,411.464111328125,468.5461120605469,0.7871723771095276,279.76531982421875,468.822509765625,0.8371442556381226,452.5320129394531,480.0,0.008856207132339478,222.00418090820312,480.0,0.011117225512862206,511.4681396484375,480.0,0.0005008559674024582,273.20379638671875,463.9934997558594,0.0005983844166621566,0
339.9060974121094,100.57365417480469,0.9983969330787659,359.8647766113281,82.83108520507812,0.9940610527992249,320.953125,82.79011535644531,0.9947113990783691,386.6495666503906,101.42132568359375,0.9038628935813904,296.3956298828125,101.15931701660156,0.896573007106781,436.0518798828125,214.43605041503906,0.994475781917572,246.10006713867188,215.38034057617188,0.9972777962684631,494.6651611328125,337.4765319824219,0.9494792222976685,180.05015563964844,341.596435546875,0.9761173725128174,542.6310424804688,427.5205993652344,0.8237594962120056,153.83349609375,438.49200439453125,0.887550413608551,414.1534423828125,469.67254638671875,0.7785963416099548,281.92681884765625,470.42401123046875,0.8337542414665222,457.3655090332031,480.0,0.008533434942364693,224.6580352783203,480.0,0.01094747893512249,518.9227905273438,480.0,0.0005022921832278371,276.78057861328125,462.8547058105469,0.0006107116350904107,0
338.5950012207031,100.07118225097656,0.99859219789505,358.57171630859375,82.17622375488281,0.9948517680168152,319.8763427734375,82.03866577148438,0.9949249029159546,384.12042236328125,101.23236083984375,0.9106348752975464,294.6537170410156,101.1925048828125,0.8827153444290161,433.7774963378906,215.40167236328125,0.994050920009613,246.43588256835938,218.66842651367188,0.9975205063819885,497.1878356933594,338.47589111328125,0.9518476724624634,184.00625610351562,343.41986083984375,0.9784678220748901,540.1707153320312,430.94390869140625,0.8405671715736389,134.60337829589844,433.48443603515625,0.8978556394577026,413.62200927734375,468.68292236328125,0.7635664939880371,282.43133544921875,469.073486328125,0.82547926902771,456.2205505371094,480.0,0.009194971062242985,213.64779663085938,467.0376892089844,0.0120937405154109,522.9080810546875,480.0,0.00060786068206653,262.0456848144531,455.1875305175781,0.0007537022465839982,0
335.8002014160156,97.94410705566406,0.9986338019371033,356.0187072753906,79.97808837890625,0.9949707984924316,317.0063171386719,79.48731994628906,0.9950710535049438,381.8034973144531,99.6043701171875,0.9111199975013733,291.5655212402344,98.86746215820312,0.8814252614974976,432.22943115234375,215.9286346435547,0.9939619898796082,244.6613006591797,218.47116088867188,0.9975353479385376,497.4325866699219,341.1395263671875,0.9499861001968384,183.51806640625,344.5080871582031,0.9790604114532471,538.1490478515625,431.598876953125,0.8382712602615356,133.9989471435547,432.7959289550781,0.9015560746192932,415.0534973144531,470.061279296875,0.7598122358322144,283.33465576171875,470.2034912109375,0.8265092968940735,459.52520751953125,480.0,0.008794824592769146,214.46578979492188,469.1387023925781,0.011957796290516853,525.2545166015625,480.0,0.0005812337039969862,261.20050048828125,455.1273193359375,0.0007372440886683762,0
335.46209716796875,97.85507202148438,0.9986510872840881,356.415283203125,80.07366943359375,0.9950700998306274,316.4742126464844,79.28619384765625,0.9951582551002502,382.82135009765625,100.78097534179688,0.9106458425521851,290.6090087890625,99.17759704589844,0.8820627331733704,431.7352294921875,216.39443969726562,0.9936512112617493,243.80792236328125,219.19699096679688,0.9974838495254517,496.80615234375,340.94757080078125,0.9479176998138428,183.5655059814453,346.1343994140625,0.9786074161529541,540.8734741210938,432.8604736328125,0.8338133692741394,134.8826446533203,433.16448974609375,0.9006187319755554,415.463134765625,470.6895751953125,0.7429874539375305,283.33331298828125,471.31005859375,0.8144068717956543,460.0516357421875,480.0,0.008139308542013168,214.44381713867188,468.6857604980469,0.011183065362274647,524.8958740234375,480.0,0.0005492786294780672,262.75213623046875,455.41668701171875,0.0007002842030487955,0
336.1162414550781,98.07968139648438,0.9986698627471924,357.13555908203125,80.44651794433594,0.9950695037841797,316.7636413574219,79.76753234863281,0.9953314661979675,383.5563049316406,101.60798645019531,0.9080870747566223,290.44305419921875,100.34346008300781,0.884036660194397,432.431396484375,216.2451934814453,0.993182361125946,244.52432250976562,219.36199951171875,0.997421383857727,498.05682373046875,339.4239501953125,0.9458048343658447,184.58409118652344,345.1995544433594,0.9790316820144653,543.01123046875,427.8378601074219,0.8346344828605652,133.339111328125,433.0716552734375,0.9033383131027222,416.35443115234375,470.09967041015625,0.725722074508667,283.87091064453125,470.8338928222656,0.8041456937789917,461.3836669921875,480.0,0.007549102418124676,213.9154052734375,465.47772216796875,0.010571346618235111,526.3609008789062,480.0,0.0005135093815624714,261.13751220703125,454.06591796875,0.0006627343827858567,0
337.0576171875,100.45513916015625,0.9985277652740479,356.4485778808594,82.5086669921875,0.994527280330658,318.1452331542969,82.78831481933594,0.9949566721916199,381.3374328613281,100.99809265136719,0.9051133990287781,292.6693115234375,102.00938415527344,0.887413501739502,431.99267578125,214.25973510742188,0.9937155842781067,245.24801635742188,218.52059936523438,0.9974168539047241,497.0098571777344,339.22760009765625,0.947302520275116,184.15504455566406,344.97576904296875,0.9774134755134583,537.5748291015625,427.7423095703125,0.8308243751525879,136.4705810546875,430.83648681640625,0.8950022459030151,412.0885925292969,465.6905517578125,0.7479739189147949,281.50250244140625,466.4962463378906,0.8150282502174377,454.44598388671875,480.0,0.008812508545815945,214.90676879882812,466.5442810058594,0.01181998010724783,518.876220703125,480.0,0.0005813733441755176,261.7889404296875,454.25885009765625,0.0007282745209522545,0
337.01470947265625,103.36613464355469,0.9985028505325317,356.32110595703125,84.90054321289062,0.9945628046989441,318.3439636230469,85.08238220214844,0.9946997165679932,381.2271423339844,101.68757629394531,0.9080008864402771,293.0865478515625,102.43011474609375,0.8824658393859863,431.86737060546875,214.79722595214844,0.9942116141319275,245.5452880859375,218.48126220703125,0.9973637461662292,497.30316162109375,338.6998596191406,0.9516672492027283,184.9385528564453,343.5333251953125,0.9765458703041077,540.6376342773438,428.23876953125,0.8380757570266724,136.54559326171875,429.7825012207031,0.891526460647583,412.2469787597656,465.4556884765625,0.7678917050361633,282.2942810058594,465.92694091796875,0.8236252069473267,455.61395263671875,480.0,0.009719843044877052,217.05348205566406,467.5685119628906,0.012466608546674252,522.0222778320312,480.0,0.0006317020743153989,264.40264892578125,454.43011474609375,0.0007720565190538764,0
339.12835693359375,105.02162170410156,0.9985440969467163,358.0506896972656,86.37466430664062,0.994110643863678,320.4997863769531,85.76181030273438,0.9951788187026978,381.1932678222656,102.07888793945312,0.8882380127906799,293.4136962890625,101.23204040527344,0.8967655897140503,430.8013916015625,215.44178771972656,0.9939747452735901,244.63253784179688,218.86599731445312,0.9975320100784302,497.7666015625,337.7204284667969,0.9491501450538635,184.34068298339844,344.6047668457031,0.97850102186203,537.5589599609375,427.1701354980469,0.8354325294494629,135.94395446777344,429.0760498046875,0.9010315537452698,410.9500732421875,467.49530029296875,0.7724006175994873,281.2775573730469,467.4241943359375,0.8337005376815796,453.5999755859375,480.0,0.009633771143853664,215.24737548828125,470.1236877441406,0.012856592424213886,512.5077514648438,480.0,0.0006220117211341858,256.8831481933594,455.32330322265625,0.0007750882068648934,0
340.7132873535156,105.34915161132812,0.998572587966919,360.23541259765625,86.13914489746094,0.9942876696586609,321.93212890625,85.74305725097656,0.9952307343482971,384.1798095703125,101.69744873046875,0.8907175064086914,294.9057312011719,101.07669067382812,0.894247829914093,432.88751220703125,216.93765258789062,0.9936995506286621,246.10317993164062,219.6370086669922,0.9975136518478394,499.49139404296875,341.21514892578125,0.9463862776756287,184.688720703125,345.21295166015625,0.9778621196746826,539.7687377929688,427.5205078125,0.8346003293991089,134.9014892578125,430.5328369140625,0.9010635614395142,413.3804016113281,468.78045654296875,0.7535607218742371,283.6419372558594,469.0610656738281,0.8212157487869263,456.1188659667969,480.0,0.009409010410308838,219.22344970703125,470.0010681152344,0.012745164334774017,520.9256591796875,480.0,0.0006344869616441429,266.12054443359375,457.00531005859375,0.0007983418763615191,0
341.88665771484375,105.162109375,0.9985900521278381,360.9773254394531,86.11239624023438,0.9939033389091492,322.7256164550781,85.72499084472656,0.9955346584320068,383.73486328125,101.867919921875,0.8733341097831726,294.095458984375,101.34236145019531,0.9036431312561035,431.69427490234375,216.31338500976562,0.9935559630393982,245.29605102539062,219.13076782226562,0.997519314289093,499.2626953125,340.994873046875,0.945606529712677,185.2383270263672,344.8804626464844,0.9783951044082642,539.2265625,430.09722900390625,0.8302144408226013,134.6767578125,429.9876403808594,0.9029523730278015,411.79095458984375,467.9949645996094,0.752270519733429,282.02142333984375,468.225341796875,0.8215606212615967,454.5550537109375,480.0,0.009068966843187809,217.41964721679688,470.4078369140625,0.012370087206363678,516.913818359375,480.0,0.0006036958657205105,261.5572509765625,456.8084716796875,0.0007573178736492991,0
341.8388977050781,107.23304748535156,0.9985765218734741,361.0947265625,87.96546936035156,0.9939654469490051,323.2783508300781,87.14984130859375,0.9953731894493103,383.8772277832031,102.42596435546875,0.8767701387405396,295.1978759765625,100.81033325195312,0.8997038006782532,431.3478088378906,216.1696014404297,0.9937978386878967,245.5322265625,218.56369018554688,0.9974820017814636,499.07879638671875,340.2068786621094,0.9480906128883362,185.87460327148438,344.4211730957031,0.9779099225997925,540.0991821289062,430.7677917480469,0.8338100910186768,134.62265014648438,431.6172790527344,0.9002692699432373,411.77313232421875,466.8709716796875,0.7623950242996216,282.6375732421875,467.0353088378906,0.8255026936531067,456.3828430175781,480.0,0.0099336514249444,219.1334686279297,469.3154602050781,0.013266289606690407,519.3961181640625,480.0,0.0006696461932733655,263.4285888671875,457.2977600097656,0.0008309325203299522,0
342.8583068847656,108.50416564941406,0.9985766410827637,362.1953125,88.79925537109375,0.993905246257782,323.623046875,88.36747741699219,0.995460569858551,385.2802734375,103.12934875488281,0.8721189498901367,294.82659912109375,102.40486145019531,0.9013169407844543,432.45391845703125,217.6171875,0.9934925436973572,245.76010131835938,219.636474609375,0.9973879456520081,498.8059387207031,340.8465270996094,0.9459201097488403,186.47662353515625,343.37255859375,0.9772847890853882,541.0853271484375,429.82000732421875,0.8319180011749268,135.7168426513672,431.2863464355469,0.8996734023094177,412.04559326171875,468.13671875,0.7521437406539917,282.4048767089844,468.1427917480469,0.818082332611084,455.9102783203125,480.0,0.009445671923458576,218.90614318847656,469.4886474609375,0.01262406911700964,521.025634765625,480.0,0.0006413903902284801,264.16607666015625,457.7940979003906,0.0007957424386404455,0
352.2516784667969,141.3719024658203,0.9983090162277222,373.5127868652344,119.28506469726562,0.9938754439353943,330.750732421875,119.80337524414062,0.9948763251304626,400.1287841796875,128.31729125976562,0.8811904788017273,298.2591552734375,129.21434020996094,0.8881826400756836,449.989501953125,235.40884399414062,0.9913986921310425,244.6605682373047,235.8526611328125,0.9962969422340393,509.09332275390625,367.950927734375,0.9377022981643677,182.09671020507812,364.4933166503906,0.9690635204315186,525.7156372070312,466.5908203125,0.8316863179206848,152.22860717773438,467.56365966796875,0.8809009790420532,414.8690490722656,475.7031555175781,0.6153031587600708,273.0162658691406,473.1976623535156,0.6904438138008118,442.7633361816406,473.46234130859375,0.008233613334596157,191.2935333251953,445.93115234375,0.009963818825781345,493.7337646484375,479.66162109375,0.0007748056668788195,236.633056640625,427.40679931640625,0.0008867722353897989,1
350.83734130859375,141.00010681152344,0.9982864260673523,372.3145446777344,119.17420959472656,0.9939776659011841,329.6368103027344,119.31623840332031,0.994716465473175,399.1549072265625,128.34454345703125,0.8872021436691284,297.4668884277344,128.41522216796875,0.8830029368400574,449.1884765625,234.80355834960938,0.9916204214096069,243.68301391601562,234.99436950683594,0.996192216873169,509.5276184082031,366.8739318847656,0.9395200610160828,181.6181640625,364.435791015625,0.9684963822364807,523.0742797851562,465.380859375,0.8370130062103271,154.5692138671875,469.20574951171875,0.8787454962730408,411.82171630859375,475.9278869628906,0.6255334615707397,269.890625,472.9327087402344,0.6945544481277466,437.39837646484375,473.43011474609375,0.008448622189462185,186.3019256591797,445.8856201171875,0.010019490495324135,482.90142822265625,480.0,0.0007819690508767962,229.06991577148438,428.9388427734375,0.0008793632150627673,1
350.8333435058594,141.05149841308594,0.9982404708862305,372.44879150390625,119.15351867675781,0.9940341114997864,329.9106750488281,119.10247802734375,0.9945629239082336,399.49603271484375,128.36663818359375,0.8898462057113647,298.26617431640625,127.95965576171875,0.8797042369842529,449.20123291015625,235.85324096679688,0.9912545680999756,243.58773803710938,235.7626495361328,0.995893120765686,509.36297607421875,367.5445251464844,0.9373666048049927,180.8570098876953,364.9360656738281,0.9657807946205139,522.4481811523438,464.8671569824219,0.8348187208175659,155.5404052734375,469.0414123535156,0.874198317527771,413.0879211425781,475.255859375,0.607280969619751,271.143310546875,472.7236633300781,0.6739965677261353,443.9692687988281,471.0469970703125,0.008284300565719604,191.40435791015625,444.6488037109375,0.009761247783899307,491.1744384765625,478.0172424316406,0.0007968054851517081,235.0079345703125,428.5289306640625,0.0008941167034208775,1
350.9620056152344,141.45895385742188,0.9983042478561401,372.4791259765625,119.19981384277344,0.9940283298492432,329.94122314453125,119.1209716796875,0.9947143197059631,399.328857421875,127.44444274902344,0.8858902454376221,297.8482360839844,127.03611755371094,0.8797441124916077,449.319580078125,235.7888641357422,0.9913700819015503,243.96372985839844,235.103271484375,0.996063768863678,510.33673095703125,368.83612060546875,0.9375538229942322,181.13528442382812,363.90582275390625,0.96757572889328,522.4423217773438,466.8184814453125,0.8372277617454529,152.46229553222656,466.5679016113281,0.881368100643158,413.1548767089844,475.3284912109375,0.6067460775375366,271.7964172363281,472.1960754394531,0.6785019040107727,440.9726867675781,471.18841552734375,0.008250154554843903,190.5414581298828,444.275146484375,0.009893396869301796,486.7573547363281,477.3033142089844,0.0007835538126528263,232.77944946289062,427.58441162109375,0.0008878057124093175,1
350.93719482421875,141.1629638671875,0.9983251690864563,372.3077392578125,118.89297485351562,0.9939372539520264,329.6756896972656,119.14961242675781,0.9948315620422363,399.0531311035156,127.44242858886719,0.8829840421676636,297.3911437988281,127.71696472167969,0.8842999339103699,449.0967102050781,236.20167541503906,0.9914809465408325,243.53726196289062,235.42787170410156,0.9961816072463989,510.0795593261719,368.2677917480469,0.9378575682640076,181.12567138671875,362.61749267578125,0.9683822989463806,525.7553100585938,466.8308410644531,0.8365325331687927,151.6088104248047,465.841552734375,0.8823105096817017,411.6593322753906,476.69024658203125,0.6072605848312378,270.30291748046875,473.35223388671875,0.6805723309516907,437.58782958984375,472.16741943359375,0.00814396794885397,188.03933715820312,444.0478820800781,0.009791714139282703,485.74346923828125,479.61322021484375,0.0007661124691367149,232.14739990234375,427.5560302734375,0.0008702512714080513,1
352.22174072265625,140.49508666992188,0.9983329176902771,373.27764892578125,118.53079223632812,0.9937054514884949,330.7908935546875,118.88949584960938,0.9950410723686218,399.4480895996094,127.41062927246094,0.8740832209587097,297.90191650390625,127.9459228515625,0.8909041285514832,449.37457275390625,235.05044555664062,0.9913082718849182,244.30442810058594,233.87615966796875,0.9962982535362244,509.89697265625,367.7998352050781,0.9365490674972534,182.08135986328125,360.86077880859375,0.9698156714439392,525.299560546875,464.9219970703125,0.8328282833099365,151.44480895996094,463.5700988769531,0.885112464427948,411.72552490234375,476.5580749511719,0.6171152591705322,270.26214599609375,472.8536376953125,0.694858193397522,436.7054443359375,474.1735534667969,0.008242535404860973,186.96051025390625,445.28814697265625,0.010092468932271004,484.83782958984375,480.0,0.0007582389516755939,230.05496215820312,428.561279296875,0.0008702267659828067,1
351.713623046875,140.4396514892578,0.9982833862304688,373.134521484375,118.38607788085938,0.9938021898269653,330.2522888183594,118.95468139648438,0.9948418736457825,400.1597900390625,127.49543762207031,0.8828536868095398,298.0538330078125,128.4024200439453,0.8871603608131409,449.671875,235.50759887695312,0.9911353588104248,244.59515380859375,234.3544921875,0.9962617754936218,509.28155517578125,368.8456115722656,0.9345387816429138,181.0387420654297,361.26513671875,0.9688816070556641,523.11376953125,468.255859375,0.829488217830658,152.9264678955078,465.8374938964844,0.882957935333252,411.2447814941406,476.5465087890625,0.6053644418716431,270.0412902832031,473.21551513671875,0.6854197382926941,436.0188293457031,473.93878173828125,0.008056936785578728,189.63035583496094,446.5567626953125,0.009962007403373718,484.4853515625,480.0,0.0007627001032233238,235.60107421875,429.3936462402344,0.0008813684689812362,1
351.8500671386719,140.70140075683594,0.9982860684394836,373.1135559082031,118.55633544921875,0.9938072562217712,330.36676025390625,118.97047424316406,0.9948710203170776,399.89129638671875,127.239990234375,0.8786532282829285,297.95965576171875,127.89582824707031,0.8877536654472351,449.30010986328125,235.07797241210938,0.9910057783126831,243.87994384765625,234.15301513671875,0.9960792660713196,508.1527099609375,368.989990234375,0.9342592358589172,180.57872009277344,363.0560607910156,0.9674277901649475,522.7128295898438,468.5869140625,0.8271950483322144,155.18690490722656,468.01727294921875,0.8788026571273804,411.8896484375,477.007568359375,0.5946968197822571,270.1455078125,473.977783203125,0.671185314655304,440.1593322753906,472.3990478515625,0.007787231355905533,191.011474609375,444.8330078125,0.009475655853748322,487.57501220703125,479.6581726074219,0.000761559116654098,235.25262451171875,427.5731201171875,0.000870932824909687,1
352.0975646972656,140.28054809570312,0.9983153343200684,373.0326843261719,117.87689208984375,0.9936063289642334,330.1979064941406,118.67250061035156,0.9950951337814331,399.2432861328125,126.70863342285156,0.8687450885772705,296.8811340332031,128.25677490234375,0.8947780728340149,449.0654296875,235.22637939453125,0.9910092353820801,243.12503051757812,235.37205505371094,0.996191143989563,508.2334899902344,368.4260559082031,0.9338810443878174,181.1941680908203,363.64990234375,0.9681491851806641,524.1521606445312,468.0963439941406,0.8250578045845032,154.22157287597656,467.890625,0.8802691698074341,413.689697265625,476.5111083984375,0.5959704518318176,271.5135803222656,474.03167724609375,0.6749703884124756,442.63714599609375,472.7152099609375,0.007716745138168335,191.89370727539062,445.0043029785156,0.009431900456547737,494.2398986816406,478.5903015136719,0.0007544520194642246,237.9136962890625,425.31365966796875,0.0008667916408739984,1
352.0975646972656,140.28054809570312,0.9983153343200684,373.0326843261719,117.87689208984375,0.9936063289642334,330.1979064941406,118.67250061035156,0.9950951337814331,399.2432861328125,126.70863342285156,0.8687450885772705,296.8811340332031,128.25677490234375,0.8947780728340149,449.0654296875,235.22637939453125,0.9910092353820801,243.12503051757812,235.37205505371094,0.996191143989563,508.2334899902344,368.4260559082031,0.9338810443878174,181.1941680908203,363.64990234375,0.9681491851806641,524.1521606445312,468.0963439941406,0.8250578045845032,154.22157287597656,467.890625,0.8802691698074341,413.689697265625,476.5111083984375,0.5959704518318176,271.5135803222656,474.03167724609375,0.6749703884124756,442.63714599609375,472.7152099609375,0.007716745138168335,191.89370727539062,445.0043029785156,0.009431900456547737,494.2398986816406,478.5903015136719,0.0007544520194642246,237.9136962890625,425.31365966796875,0.0008667916408739984,1
351.3996887207031,140.5930633544922,0.9983068704605103,372.45343017578125,118.56953430175781,0.9937742948532104,330.44903564453125,118.7777099609375,0.9948542714118958,398.69781494140625,126.81951904296875,0.8792259693145752,298.313232421875,127.0201416015625,0.8869590759277344,449.11279296875,234.8396759033203,0.9915288686752319,243.83038330078125,234.1746826171875,0.9962305426597595,510.40264892578125,367.49267578125,0.9378669261932373,181.9176788330078,362.1181945800781,0.9685789942741394,524.65478515625,466.3990783691406,0.8335293531417847,152.3170166015625,465.53265380859375,0.880886971950531,412.4359130859375,476.7917175292969,0.6123999357223511,270.9010314941406,473.5259704589844,0.6856480836868286,440.97210693359375,474.69671630859375,0.007980109192430973,190.6086883544922,445.776611328125,0.009612892754375935,491.6173095703125,479.4568786621094,0.0007571749738417566,236.60440063476562,425.697265625,0.00086405681213364,1
351.394287109375,140.03916931152344,0.9983409643173218,372.3792724609375,118.05984497070312,0.993762195110321,330.28863525390625,118.38752746582031,0.994997501373291,398.6070556640625,126.73475646972656,0.8758242726325989,298.0658874511719,127.26319885253906,0.8886370062828064,448.3727111816406,234.7760009765625,0.9913403391838074,244.36920166015625,234.2374267578125,0.996274471282959,509.7479248046875,367.6756286621094,0.9371238350868225,182.0170440673828,361.9135437011719,0.9697415828704834,524.7633056640625,466.87908935546875,0.8342111706733704,151.1798095703125,464.7908935546875,0.8861979246139526,411.5501708984375,475.6075439453125,0.6084743738174438,270.7731628417969,472.55731201171875,0.6861306428909302,441.1067810058594,472.3202209472656,0.007994738407433033,191.83413696289062,444.71630859375,0.009853004477918148,490.16534423828125,477.8016052246094,0.000756642606575042,235.38722229003906,426.18017578125,0.0008735628798604012,1
350.9166564941406,139.74673461914062,0.9982982277870178,372.1144104003906,117.8248291015625,0.9938033819198608,329.6474914550781,118.18972778320312,0.994860053062439,398.7189636230469,127.26338195800781,0.8807082772254944,297.46441650390625,127.80508422851562,0.887721598148346,448.1878967285156,235.53411865234375,0.9913352131843567,243.97073364257812,235.1857452392578,0.9962298274040222,508.9932861328125,367.63238525390625,0.93702232837677,181.31988525390625,363.0582580566406,0.969076931476593,523.45751953125,467.48675537109375,0.8338766098022461,154.99525451660156,467.9761962890625,0.8833428621292114,411.00885009765625,476.14202880859375,0.6144490242004395,270.0794677734375,473.2640686035156,0.6895976662635803,438.07086181640625,473.4836120605469,0.008132335729897022,189.58230590820312,446.7824401855469,0.009924838319420815,484.6900634765625,479.4862976074219,0.0007620241376571357,232.53485107421875,428.77008056640625,0.000871374795679003,1
351.1360168457031,139.07882690429688,0.9983117580413818,372.39990234375,117.50166320800781,0.9938750863075256,329.966796875,117.73199462890625,0.9948670864105225,398.79852294921875,127.74140930175781,0.8836975693702698,297.65435791015625,127.90841674804688,0.8886488676071167,448.7601013183594,235.41842651367188,0.9916247725486755,243.79598999023438,235.0436248779297,0.9963549375534058,509.28955078125,367.1171569824219,0.9393756985664368,181.38673400878906,362.203125,0.9699791669845581,523.826171875,467.77984619140625,0.8357241749763489,153.0132598876953,465.3150634765625,0.8849676847457886,413.1166687011719,476.17822265625,0.6275837421417236,271.4851379394531,473.181396484375,0.7014950513839722,440.01312255859375,474.49957275390625,0.008374503813683987,188.73239135742188,447.0749206542969,0.010161779820919037,488.44232177734375,480.0,0.000758053211029619,232.99057006835938,430.4517517089844,0.0008659294690005481,1
350.47393798828125,138.49505615234375,0.9983238577842712,372.132568359375,117.15055847167969,0.9940699934959412,329.44659423828125,117.00434875488281,0.9947963356971741,398.87554931640625,128.1178741455078,0.8905330896377563,297.35772705078125,127.50411987304688,0.8841686844825745,448.8480224609375,235.45037841796875,0.9917653203010559,243.7373504638672,235.13865661621094,0.9963435530662537,509.19525146484375,366.57000732421875,0.9414533376693726,182.42295837402344,362.6179504394531,0.9703952670097351,522.5494384765625,466.68817138671875,0.8399538993835449,152.02923583984375,464.7607421875,0.8855453133583069,413.4549865722656,476.8934020996094,0.6332207322120667,271.2968444824219,473.66510009765625,0.7048384547233582,442.1174011230469,473.877197265625,0.00844451691955328,187.5071563720703,445.5869140625,0.010181261226534843,489.4622802734375,480.0,0.0007606057333759964,230.80462646484375,430.23126220703125,0.0008679280872456729,1
350.4942932128906,138.3165740966797,0.9983047246932983,371.49432373046875,116.60588073730469,0.9939549565315247,328.9781188964844,117.35945129394531,0.9948491454124451,398.2855224609375,126.74925231933594,0.886026918888092,296.984130859375,128.19989013671875,0.8879391551017761,449.0760192871094,234.5531005859375,0.9915282726287842,243.72457885742188,234.65809631347656,0.9962890148162842,509.1613464355469,368.1216735839844,0.9381471872329712,180.09588623046875,363.16180419921875,0.9694445729255676,522.9967041015625,468.4740295410156,0.833823025226593,154.82321166992188,468.0183410644531,0.8835815787315369,412.9610290527344,475.33294677734375,0.619256317615509,271.04010009765625,472.7496337890625,0.6940734386444092,440.23260498046875,472.57867431640625,0.008244979195296764,189.80531311035156,446.48419189453125,0.01006572600454092,487.091796875,480.0,0.0007530955481342971,232.5655059814453,430.84234619140625,0.0008625403279438615,1
350.13214111328125,138.4746856689453,0.9983066320419312,371.26580810546875,116.76834106445312,0.9940459728240967,328.6719665527344,117.48507690429688,0.9947664737701416,398.339111328125,126.77816772460938,0.8898940682411194,296.99591064453125,128.17892456054688,0.8847913146018982,448.91015625,233.9298553466797,0.991717517375946,244.22317504882812,234.36692810058594,0.9963201284408569,509.0623779296875,365.5883483886719,0.9412065744400024,180.8914031982422,361.8684387207031,0.9703304767608643,524.580810546875,464.23626708984375,0.8417968153953552,153.94784545898438,465.9690246582031,0.886282205581665,412.5572509765625,475.47149658203125,0.6387407779693604,270.86761474609375,472.85858154296875,0.7094321250915527,440.05267333984375,474.7889404296875,0.008546548895537853,188.89793395996094,448.0316162109375,0.010323338210582733,487.63629150390625,480.0,0.0007503161323256791,231.05995178222656,431.8251953125,0.0008553046500310302,1
350.401611328125,138.00131225585938,0.9983330368995667,371.6383056640625,116.12165832519531,0.9940637946128845,328.9434814453125,116.83935546875,0.9948425889015198,398.626708984375,126.26966857910156,0.8865013122558594,297.0090637207031,127.56451416015625,0.8849412202835083,448.34246826171875,234.4794921875,0.9913797378540039,243.8250274658203,234.94757080078125,0.9961976408958435,509.01055908203125,365.680908203125,0.9391550421714783,179.7211456298828,361.54302978515625,0.969255268573761,525.1322631835938,466.6492004394531,0.8414281606674194,153.14544677734375,463.15576171875,0.8882157802581787,411.772216796875,475.63189697265625,0.6120544075965881,270.5560302734375,473.280517578125,0.6857923865318298,439.1025390625,469.80755615234375,0.008182242512702942,189.54165649414062,444.2734375,0.009909529238939285,486.25823974609375,478.95635986328125,0.000756360765080899,232.75094604492188,429.42022705078125,0.0008602618472650647,1
350.9435729980469,137.59535217285156,0.9983420372009277,372.22698974609375,115.50698852539062,0.9938979744911194,328.885986328125,116.36244201660156,0.995019793510437,399.020751953125,126.15019226074219,0.8791272640228271,295.6663818359375,127.74908447265625,0.8908488750457764,449.0037841796875,235.11355590820312,0.9915789365768433,242.44894409179688,235.30331420898438,0.9962021708488464,510.32171630859375,367.649169921875,0.9395932555198669,180.4739990234375,362.5894775390625,0.9690969586372375,525.0572509765625,469.0530090332031,0.8398414254188538,156.56390380859375,467.176513671875,0.8856985569000244,412.0111083984375,475.3061218261719,0.6218297481536865,269.23455810546875,472.8599853515625,0.6925996541976929,439.26470947265625,471.38525390625,0.00823980662971735,187.26649475097656,445.99700927734375,0.009891308844089508,487.07391357421875,479.24273681640625,0.0007501051877625287,230.239501953125,429.8072509765625,0.0008444439736194909,1
350.84417724609375,137.06369018554688,0.9983587861061096,371.7945861816406,115.0821533203125,0.9939514398574829,328.8290710449219,115.92948913574219,0.9950587749481201,398.40728759765625,125.65010070800781,0.8777289390563965,295.959228515625,127.38679504394531,0.8909111022949219,448.7449645996094,234.6399383544922,0.9913167953491211,243.625,235.13204956054688,0.9962316155433655,510.05303955078125,368.4266662597656,0.9369230270385742,180.0595245361328,364.6683044433594,0.9693529605865479,527.0576782226562,467.5672302246094,0.8343902230262756,155.13809204101562,470.0059814453125,0.885213315486908,413.7541809082031,475.02838134765625,0.606094479560852,271.8883972167969,472.8387145996094,0.6828997731208801,440.72100830078125,469.7900390625,0.00791824422776699,190.1716766357422,444.8326721191406,0.00970334280282259,486.3299560546875,477.0414733886719,0.0007401112816296518,230.47454833984375,427.9380798339844,0.0008462580153718591,1
350.5624694824219,138.36874389648438,0.9983423948287964,371.76458740234375,116.15580749511719,0.9939563870429993,328.75738525390625,116.86506652832031,0.9949870109558105,398.6742858886719,125.8673095703125,0.8807054162025452,296.1366882324219,127.29483032226562,0.8879067301750183,448.61163330078125,234.4647979736328,0.9912698268890381,243.86956787109375,235.3094940185547,0.9962598085403442,509.68023681640625,366.8062438964844,0.9368460178375244,181.2425994873047,363.9087219238281,0.9696575403213501,525.31884765625,468.5320739746094,0.8326470851898193,154.34097290039062,468.65997314453125,0.8845948576927185,412.32342529296875,475.378662109375,0.6155104041099548,270.8339538574219,472.9637756347656,0.6924907565116882,438.6205749511719,472.86859130859375,0.008009432815015316,188.65643310546875,446.9664306640625,0.00985111203044653,484.2022705078125,478.99359130859375,0.0007410862599499524,229.51528930664062,428.711181640625,0.0008504688739776611,1
351.2903137207031,137.53024291992188,0.998372495174408,372.9065246582031,115.43778991699219,0.9940325617790222,329.4882507324219,115.93293762207031,0.995029866695404,399.95703125,125.9775390625,0.8820598721504211,296.69049072265625,126.720458984375,0.8882209062576294,449.4367980957031,235.5979461669922,0.9913265109062195,243.64024353027344,234.89617919921875,0.9963120818138123,510.32562255859375,368.4976501464844,0.9365700483322144,180.1602783203125,362.0887451171875,0.969647228717804,527.5034790039062,468.24053955078125,0.835321307182312,151.37994384765625,464.1923522949219,0.8875241279602051,412.1507873535156,475.656494140625,0.6040876507759094,270.4209289550781,472.5904846191406,0.6835331916809082,436.36773681640625,470.2988586425781,0.007992337457835674,187.31695556640625,443.85894775390625,0.009852847084403038,483.22528076171875,477.8117980957031,0.000741751107852906,230.53073120117188,427.8817443847656,0.0008523083524778485,1
353.0574645996094,136.65496826171875,0.9981852173805237,374.957275390625,113.91659545898438,0.9922196865081787,329.28021240234375,114.24407958984375,0.995732843875885,403.03729248046875,124.83961486816406,0.8401087522506714,294.6785888671875,125.65545654296875,0.9280571341514587,449.5474853515625,236.62083435058594,0.9915213584899902,239.8826904296875,234.68267822265625,0.9963034391403198,507.536376953125,375.0775146484375,0.8917504549026489,175.18824768066406,369.01568603515625,0.9590127468109131,513.263916015625,470.03997802734375,0.7225438356399536,183.93728637695312,467.2259521484375,0.857892632484436,412.3768310546875,475.64752197265625,0.49681487679481506,271.86773681640625,476.36468505859375,0.5989596843719482,458.94793701171875,471.9584045410156,0.005660471972078085,242.07461547851562,454.4347229003906,0.008268731646239758,482.0699157714844,480.0,0.0006231783190742135,292.67083740234375,454.8152160644531,0.0007873980794101954,1
355.59796142578125,136.62823486328125,0.9981992840766907,377.9569091796875,113.782958984375,0.9919859170913696,331.4472961425781,113.68734741210938,0.9958470463752747,405.9270935058594,125.22665405273438,0.8269298672676086,295.5711364746094,125.08175659179688,0.9312437176704407,450.28607177734375,236.91146850585938,0.9914339780807495,240.48741149902344,234.7086639404297,0.9963388442993164,507.0728759765625,375.21441650390625,0.8919403553009033,176.70220947265625,370.0609130859375,0.9593711495399475,513.9165649414062,468.7274169921875,0.7277221083641052,184.74754333496094,466.9357604980469,0.8623624444007874,412.67474365234375,474.2265625,0.4993970990180969,272.1830749511719,475.0113525390625,0.6009789705276489,460.1302490234375,470.1088562011719,0.005961091257631779,243.98191833496094,453.0840759277344,0.008706305176019669,480.45867919921875,480.0,0.0006574152503162622,292.7681884765625,454.1704406738281,0.0008273846469819546,1
355.59796142578125,136.62823486328125,0.9981992840766907,377.9569091796875,113.782958984375,0.9919859170913696,331.4472961425781,113.68734741210938,0.9958470463752747,405.9270935058594,125.22665405273438,0.8269298672676086,295.5711364746094,125.08175659179688,0.9312437176704407,450.28607177734375,236.91146850585938,0.9914339780807495,240.48741149902344,234.7086639404297,0.9963388442993164,507.0728759765625,375.21441650390625,0.8919403553009033,176.70220947265625,370.0609130859375,0.9593711495399475,513.9165649414062,468.7274169921875,0.7277221083641052,184.74754333496094,466.9357604980469,0.8623624444007874,412.67474365234375,474.2265625,0.4993970990180969,272.1830749511719,475.0113525390625,0.6009789705276489,460.1302490234375,470.1088562011719,0.005961091257631779,243.98191833496094,453.0840759277344,0.008706305176019669,480.45867919921875,480.0,0.0006574152503162622,292.7681884765625,454.1704406738281,0.0008273846469819546,1
358.52886962890625,135.8080291748047,0.9982380867004395,380.9214782714844,112.873779296875,0.991747260093689,334.2573547363281,112.4661865234375,0.9960458874702454,408.2513122558594,124.7525634765625,0.8081830739974976,297.2023620605469,123.96267700195312,0.9345666766166687,451.01953125,237.80953979492188,0.9908004403114319,240.79876708984375,235.52549743652344,0.9961974620819092,507.1346740722656,373.9583435058594,0.8868062496185303,176.5291290283203,369.3996887207031,0.9579481482505798,512.6768798828125,468.25665283203125,0.7258713841438293,182.96109008789062,465.4080810546875,0.8640002608299255,412.27374267578125,474.3590393066406,0.47178196907043457,271.723876953125,475.115966796875,0.5751058459281921,460.8453674316406,466.88812255859375,0.005596555303782225,243.95851135253906,449.86798095703125,0.008152577094733715,479.61578369140625,480.0,0.0006376696401275694,291.6075439453125,451.57122802734375,0.0007972026942297816,1
358.52886962890625,135.8080291748047,0.9982380867004395,380.9214782714844,112.873779296875,0.991747260093689,334.2573547363281,112.4661865234375,0.9960458874702454,408.2513122558594,124.7525634765625,0.8081830739974976,297.2023620605469,123.96267700195312,0.9345666766166687,451.01953125,237.80953979492188,0.9908004403114319,240.79876708984375,235.52549743652344,0.9961974620819092,507.1346740722656,373.9583435058594,0.8868062496185303,176.5291290283203,369.3996887207031,0.9579481482505798,512.6768798828125,468.25665283203125,0.7258713841438293,182.96109008789062,465.4080810546875,0.8640002608299255,412.27374267578125,474.3590393066406,0.47178196907043457,271.723876953125,475.115966796875,0.5751058459281921,460.8453674316406,466.88812255859375,0.005596555303782225,243.95851135253906,449.86798095703125,0.008152577094733715,479.61578369140625,480.0,0.0006376696401275694,291.6075439453125,451.57122802734375,0.0007972026942297816,1
361.7823181152344,134.20745849609375,0.9981970191001892,382.95123291015625,111.49319458007812,0.9910092353820801,337.20550537109375,111.55717468261719,0.9961007833480835,408.8129577636719,123.48544311523438,0.780238151550293,299.1065979003906,124.01901245117188,0.940619170665741,452.1760559082031,237.18844604492188,0.9908321499824524,240.9936065673828,235.8745880126953,0.9960904717445374,507.2530822753906,374.06182861328125,0.8839707970619202,175.84791564941406,371.6229248046875,0.9541943669319153,513.0316162109375,467.0888977050781,0.7180439233779907,184.87510681152344,467.4980163574219,0.8550204038619995,412.10089111328125,474.8621826171875,0.4581741690635681,271.3453674316406,475.95928955078125,0.5540503859519958,460.5099792480469,467.49530029296875,0.005446326918900013,246.152587890625,449.51446533203125,0.007649069186300039,477.2755126953125,480.0,0.000622725929133594,293.17425537109375,450.4473571777344,0.0007584387203678489,1
363.72271728515625,130.08502197265625,0.9982603192329407,384.9316101074219,108.95416259765625,0.9910921454429626,339.0085754394531,108.48941040039062,0.9963145852088928,410.2178955078125,124.62327575683594,0.7706207633018494,300.10400390625,124.00302124023438,0.944657027721405,452.5343933105469,237.58551025390625,0.9908071160316467,241.10198974609375,234.72030639648438,0.9961070418357849,507.021484375,374.66461181640625,0.8851016759872437,174.6090850830078,370.46221923828125,0.9552438855171204,513.944580078125,469.3360595703125,0.716248631477356,186.5572509765625,469.1919860839844,0.8565896153450012,412.6202697753906,474.882568359375,0.4564339518547058,270.96051025390625,475.71795654296875,0.5520199537277222,462.3520202636719,465.1474914550781,0.005233923904597759,245.48699951171875,448.2987365722656,0.007350647822022438,474.74755859375,480.0,0.0005901094409637153,289.7705383300781,451.55743408203125,0.0007122121169231832,1
365.3167724609375,128.0497589111328,0.9979250431060791,386.269287109375,108.44903564453125,0.9910316467285156,343.1373596191406,107.24932861328125,0.9950417876243591,408.5653381347656,125.74777221679688,0.7832795977592468,304.392333984375,122.70233154296875,0.9111438393592834,453.2835693359375,237.8509521484375,0.9876623153686523,244.3897705078125,234.67095947265625,0.9955831170082092,506.90869140625,369.29315185546875,0.9175645112991333,180.66065979003906,362.6298828125,0.9638603925704956,522.797119140625,470.8708190917969,0.8020126223564148,150.57980346679688,461.95111083984375,0.8790162801742554,415.79791259765625,476.3882751464844,0.6545271277427673,271.7931823730469,471.89251708984375,0.7354292869567871,436.4449462890625,480.0,0.009251778945326805,186.01644897460938,466.1109619140625,0.011240119114518166,481.46783447265625,480.0,0.0007954289903864264,225.63412475585938,429.8973083496094,0.0008915071957744658,1
342.1476135253906,101.45976257324219,0.9983493089675903,361.3760986328125,84.12495422363281,0.993992030620575,324.266845703125,84.15489196777344,0.9946370720863342,387.809814453125,102.07841491699219,0.904480516910553,300.9613037109375,101.47200012207031,0.8929100036621094,437.9311218261719,213.26165771484375,0.9940823912620544,247.28915405273438,210.640625,0.9970583915710449,497.8601989746094,332.0172119140625,0.9592039585113525,175.6099853515625,327.95306396484375,0.9796270132064819,540.0726928710938,414.02117919921875,0.8679472804069519,153.68544006347656,424.6451416015625,0.9113326072692871,412.8586120605469,465.3404235839844,0.8190097212791443,277.5066223144531,464.0995178222656,0.8623937368392944,462.99322509765625,480.0,0.010373015888035297,208.87814331054688,472.08514404296875,0.012738469988107681,530.3460693359375,480.0,0.0005361667717806995,251.67971801757812,446.4602966308594,0.0006307001458480954,0
341.3578186035156,99.92109680175781,0.9985551238059998,360.0081787109375,82.57801818847656,0.994545578956604,324.2410583496094,82.23690795898438,0.9949597120285034,383.55633544921875,98.83828735351562,0.8995622992515564,300.33197021484375,98.12403869628906,0.8847970962524414,430.66943359375,207.74545288085938,0.9937794804573059,250.76077270507812,209.2541961669922,0.9974454641342163,498.13836669921875,333.2932434082031,0.9537373185157776,178.52386474609375,335.1126403808594,0.9795958995819092,539.6279907226562,422.95501708984375,0.8460721373558044,128.84693908691406,429.7521057128906,0.9022824168205261,408.2758483886719,460.0078125,0.7754014730453491,281.3995666503906,460.50897216796875,0.834252119064331,451.66802978515625,480.0,0.009213940240442753,215.80545043945312,468.3414001464844,0.012094185687601566,513.7765502929688,480.0,0.0005704211653210223,254.82339477539062,455.7574768066406,0.0006916529382579029,0
342.0993957519531,100.54127502441406,0.9985798597335815,360.56109619140625,82.72662353515625,0.9946318864822388,324.4267578125,82.77479553222656,0.9949613809585571,384.2852783203125,98.70304870605469,0.9004659056663513,300.17401123046875,99.14561462402344,0.8829153776168823,432.3221740722656,209.33798217773438,0.9939549565315247,250.85162353515625,211.327880859375,0.9973854422569275,499.8654479980469,333.7912902832031,0.9551646113395691,178.4054718017578,335.8890686035156,0.9789547920227051,540.356689453125,422.60443115234375,0.8518475294113159,127.8924560546875,430.57586669921875,0.9014032483100891,407.84283447265625,463.2393798828125,0.7713727355003357,280.1289367675781,463.5206298828125,0.8272296190261841,451.6791687011719,480.0,0.008771671913564205,215.09100341796875,468.1465759277344,0.011200716719031334,513.558349609375,480.0,0.0005428248550742865,253.41844177246094,454.6566162109375,0.0006474664551205933,0
341.6336364746094,100.15605163574219,0.9985404014587402,360.2571105957031,82.58859252929688,0.9946380257606506,324.019775390625,82.37556457519531,0.9947490096092224,383.9529113769531,99.34465026855469,0.9036057591438293,299.6387023925781,99.20013427734375,0.8816445469856262,432.208251953125,210.14431762695312,0.9941427111625671,249.47897338867188,212.83538818359375,0.9973171353340149,500.08648681640625,333.3422546386719,0.955815315246582,177.1575469970703,337.73931884765625,0.9774231314659119,539.4664916992188,422.8266906738281,0.8539044857025146,128.6170654296875,429.83038330078125,0.8982740640640259,408.85797119140625,462.5072021484375,0.7714791893959045,280.9023132324219,463.2684326171875,0.8226280212402344,452.84014892578125,480.0,0.009125292301177979,217.70718383789062,468.30242919921875,0.011334110051393509,512.1309814453125,480.0,0.000562723318580538,257.27545166015625,455.61029052734375,0.0006600110791623592,0
341.5980529785156,100.41311645507812,0.9985449314117432,360.1206359863281,82.94984436035156,0.9945441484451294,324.1587829589844,82.65769958496094,0.9948819875717163,383.5248107910156,99.14237976074219,0.9010179042816162,299.77532958984375,98.7606201171875,0.8853173851966858,431.935546875,208.76284790039062,0.9941298961639404,249.5733642578125,210.9166717529297,0.9974210262298584,500.567138671875,333.09002685546875,0.9552164673805237,177.81304931640625,337.08868408203125,0.9785242080688477,541.2987060546875,421.07135009765625,0.8495022654533386,128.7744140625,430.20526123046875,0.8981152772903442,407.67974853515625,463.2814636230469,0.7777072191238403,279.5750732421875,463.49169921875,0.8309299349784851,449.9213562011719,480.0,0.008820584043860435,214.1766815185547,470.863525390625,0.011150279082357883,510.2314758300781,480.0,0.0005324053927324712,253.83416748046875,455.873291015625,0.0006317806546576321,0
341.4576110839844,99.77120971679688,0.9985896944999695,360.278076171875,82.25138854980469,0.9947342872619629,323.6861267089844,82.0260009765625,0.994936466217041,384.27435302734375,99.05015563964844,0.9024864435195923,299.1287841796875,98.87376403808594,0.8812613487243652,432.1789245605469,209.17233276367188,0.993920087814331,249.99595642089844,211.42344665527344,0.9973656535148621,500.4766540527344,333.8323974609375,0.9545548558235168,176.94894409179688,337.6109619140625,0.9785803556442261,539.5625,421.37420654296875,0.8545467853546143,127.83840942382812,431.22442626953125,0.902382493019104,407.597412109375,463.90350341796875,0.7609798312187195,279.6272277832031,464.2554931640625,0.8185673952102661,448.1634826660156,480.0,0.008631299249827862,213.63658142089844,466.54058837890625,0.010991099290549755,504.6636962890625,480.0,0.0005419395747594535,251.4766387939453,454.71173095703125,0.0006435206159949303,0
341.551513671875,100.16786193847656,0.9985525012016296,360.6717224121094,82.93331909179688,0.9948164820671082,324.50555419921875,82.28887939453125,0.9946225881576538,384.83563232421875,99.69317626953125,0.9078002572059631,300.6825256347656,98.2713623046875,0.875923216342926,431.9034423828125,208.7371368408203,0.9942137598991394,250.1939239501953,210.74118041992188,0.9973196387290955,500.8061218261719,333.12060546875,0.9570028185844421,176.351806640625,337.7614440917969,0.977362334728241,543.6211547851562,422.5210876464844,0.8560363054275513,127.45892333984375,430.2896728515625,0.8966029286384583,408.17572021484375,463.1232604980469,0.7651915550231934,280.7532043457031,463.7336730957031,0.8157275319099426,449.2292785644531,480.0,0.008618350140750408,215.83270263671875,468.21710205078125,0.010562293231487274,507.6558532714844,480.0,0.0005296717863529921,256.901611328125,455.6309509277344,0.0006143013015389442,0
343.03167724609375,100.93617248535156,0.9975451827049255,363.0915832519531,84.99127197265625,0.9923262596130371,325.86749267578125,84.30911254882812,0.9895861744880676,387.5532531738281,105.5670166015625,0.8991944193840027,299.9280090332031,103.41667175292969,0.8080673217773438,432.5669860839844,214.970947265625,0.9925552010536194,249.63394165039062,215.93890380859375,0.9965299963951111,490.417236328125,337.57794189453125,0.9625121355056763,187.32733154296875,338.4359130859375,0.9743881821632385,523.2306518554688,435.0920104980469,0.8936710953712463,139.11248779296875,412.68572998046875,0.9104509949684143,405.06085205078125,469.1250305175781,0.8197824954986572,277.0238037109375,465.83660888671875,0.8522350192070007,414.0605773925781,480.0,0.01624472253024578,190.2362060546875,476.76702880859375,0.01762969233095646,470.66925048828125,480.0,0.0009007020271383226,239.35116577148438,449.7838439941406,0.0009685262339189649,0
342.1819763183594,101.39810180664062,0.9985748529434204,361.20501708984375,84.00875854492188,0.9946883916854858,324.2054443359375,83.56002807617188,0.9948909282684326,384.87335205078125,101.48873901367188,0.9019927382469177,298.789794921875,100.80560302734375,0.8830981850624084,432.0710144042969,211.99807739257812,0.9941617846488953,249.11805725097656,214.64511108398438,0.9973474740982056,500.22265625,334.271728515625,0.9564078450202942,178.3965301513672,339.7816162109375,0.9777941107749939,541.9864501953125,422.3990478515625,0.8567747473716736,128.1485137939453,430.3981628417969,0.8995738625526428,407.7403869628906,465.7108154296875,0.7740830779075623,279.4548645019531,466.111572265625,0.8247475624084473,448.27032470703125,480.0,0.008906903676688671,212.82327270507812,471.0677185058594,0.010973717086017132,506.00006103515625,480.0,0.0005382851813919842,252.30763244628906,458.24200439453125,0.0006261366070248187,0
343.2059020996094,102.08444213867188,0.9985974431037903,362.7005920410156,84.99610900878906,0.9948095083236694,324.826171875,84.38082885742188,0.9950773119926453,386.94281005859375,104.03610229492188,0.9045646786689758,298.9955749511719,103.09236145019531,0.8860774636268616,434.3628845214844,215.24908447265625,0.9937938451766968,249.69369506835938,217.7537841796875,0.9974459409713745,500.1531066894531,333.4373779296875,0.9536365866661072,180.2794952392578,339.2048645019531,0.9788534641265869,541.0711669921875,420.8140869140625,0.8514559864997864,128.59681701660156,429.421875,0.9023382067680359,411.07012939453125,468.1624755859375,0.7754109501838684,281.19219970703125,468.099853515625,0.8326399922370911,451.63653564453125,480.0,0.008660975843667984,210.86648559570312,472.0318603515625,0.011063736863434315,511.6182861328125,480.0,0.000530207238625735,252.08082580566406,457.2768859863281,0.0006359984399750829,0
344.4393005371094,100.54853820800781,0.9986029267311096,363.75848388671875,83.29605102539062,0.9946198463439941,326.2834167480469,82.6611328125,0.9951855540275574,387.2430725097656,102.29158020019531,0.9014570713043213,300.31451416015625,101.19856262207031,0.8917531967163086,436.0120544433594,216.70782470703125,0.9938017725944519,249.1909637451172,217.9854278564453,0.9975314140319824,502.57415771484375,340.4389343261719,0.9483516216278076,180.59410095214844,341.7974548339844,0.9777193069458008,541.6231079101562,429.1773986816406,0.8347719311714172,127.05973815917969,430.4168701171875,0.896804690361023,411.11126708984375,469.6680908203125,0.7394157648086548,281.1781311035156,468.9409484863281,0.8076475858688354,449.79193115234375,480.0,0.008130820468068123,212.75515747070312,467.5143737792969,0.010689249262213707,511.247314453125,480.0,0.000530392222572118,258.6911315917969,456.002197265625,0.0006490031955763698,0
347.34381103515625,101.50314331054688,0.9977093935012817,366.65582275390625,84.19546508789062,0.9919203519821167,329.1570129394531,84.52529907226562,0.9915703535079956,390.0340270996094,103.69715881347656,0.8847448229789734,301.75048828125,103.94479370117188,0.8445449471473694,439.3466796875,219.48931884765625,0.9912482500076294,250.15069580078125,218.3494873046875,0.9969714879989624,496.6239013671875,349.67889404296875,0.9499077796936035,189.23138427734375,340.0652160644531,0.9774940013885498,522.0515747070312,443.2929382324219,0.8684369921684265,139.58251953125,413.48175048828125,0.91739422082901,410.5121765136719,471.61248779296875,0.7807232737541199,278.43798828125,466.8836669921875,0.8427774310112,420.9102478027344,480.0,0.013841299340128899,186.65216064453125,472.39715576171875,0.017613116651773453,487.2830810546875,480.0,0.0008343183435499668,237.6655731201172,445.9908752441406,0.0010010101832449436,0
348.1263732910156,99.13336181640625,0.9982810020446777,366.648193359375,82.30072021484375,0.993629515171051,330.0420837402344,82.6124267578125,0.9940031170845032,389.6164245605469,103.10052490234375,0.8983951807022095,303.7914733886719,103.61854553222656,0.8755157589912415,440.6110534667969,219.48834228515625,0.9930132031440735,251.83651733398438,219.11404418945312,0.9972357153892517,501.09356689453125,340.9024963378906,0.9580129981040955,182.64852905273438,334.8476867675781,0.9798353910446167,537.2373046875,422.5435485839844,0.8779966235160828,122.9288330078125,411.8684387207031,0.9201642274856567,415.8782043457031,468.0862121582031,0.8026225566864014,283.0306091308594,464.548095703125,0.8559803366661072,444.627685546875,480.0,0.012842548079788685,193.3364715576172,467.6799011230469,0.015601366758346558,519.048095703125,480.0,0.0006832343642599881,237.52255249023438,436.27197265625,0.0008018036023713648,0
346.8924560546875,98.52203369140625,0.9982724189758301,366.4563903808594,81.90969848632812,0.993941068649292,329.21173095703125,81.56103515625,0.9935519695281982,390.64508056640625,103.53788757324219,0.9053418636322021,303.5036315917969,102.32344055175781,0.8606614470481873,440.02239990234375,218.99261474609375,0.9929192662239075,251.36013793945312,219.04701232910156,0.9969484210014343,501.3075866699219,337.5802307128906,0.9606205224990845,183.38009643554688,334.7853698730469,0.9784560203552246,541.428466796875,423.13580322265625,0.8879063725471497,124.05506896972656,411.96533203125,0.9203291535377502,417.0074462890625,468.88995361328125,0.7875646948814392,284.02862548828125,466.07830810546875,0.8375182747840881,449.60784912109375,480.0,0.012306499294936657,196.45008850097656,463.038818359375,0.014431925490498543,523.317626953125,480.0,0.0006841967697255313,243.02987670898438,435.78790283203125,0.0007865660008974373,0
345.649658203125,97.98513793945312,0.9982849955558777,365.49578857421875,81.07958984375,0.9940798878669739,327.8631896972656,80.84884643554688,0.9935234785079956,390.51507568359375,102.39996337890625,0.908348560333252,302.52410888671875,101.43038940429688,0.8564512133598328,439.26129150390625,217.88893127441406,0.9928458333015442,251.3934326171875,218.11654663085938,0.9969595670700073,499.7301940917969,334.499267578125,0.960844099521637,183.2881622314453,332.31842041015625,0.9789264798164368,541.5529174804688,420.4989929199219,0.8896549344062805,123.21066284179688,412.0210876464844,0.9218347668647766,416.0755615234375,467.6427001953125,0.7958570122718811,283.61053466796875,464.92633056640625,0.8452981114387512,448.5697326660156,480.0,0.012651373632252216,196.3385009765625,464.5198974609375,0.01496848650276661,523.0760498046875,480.0,0.0006866325857117772,242.46018981933594,436.7734375,0.0007953225285746157,0
342.81219482421875,96.89317321777344,0.9978717565536499,362.34332275390625,79.90728759765625,0.9923485517501831,323.7846984863281,79.99996948242188,0.9921682476997375,385.7736511230469,100.93605041503906,0.8862215280532837,295.07354736328125,100.8763427734375,0.8544808626174927,435.99908447265625,216.8680877685547,0.9918251037597656,246.074951171875,216.68850708007812,0.997130811214447,495.2293395996094,347.38177490234375,0.9502980709075928,187.99444580078125,339.88104248046875,0.9779190421104431,520.7463989257812,445.23736572265625,0.8687067031860352,138.5551300048828,413.55267333984375,0.9203495383262634,412.51959228515625,471.0293273925781,0.7842114567756653,280.27777099609375,466.8521728515625,0.8464028239250183,422.0462646484375,480.0,0.0139388432726264,192.27874755859375,475.0353088378906,0.017963752150535583,481.912353515625,480.0,0.0008145777392201126,242.90005493164062,448.47857666015625,0.0009906721534207463,0
340.1240234375,98.27391052246094,0.9979863166809082,359.81951904296875,80.96597290039062,0.9928058981895447,320.7858581542969,81.21502685546875,0.992473840713501,383.18115234375,101.70451354980469,0.8877049088478088,291.4026184082031,101.905029296875,0.8557491898536682,433.002197265625,216.60220336914062,0.9921315312385559,243.1274871826172,218.365234375,0.9969769716262817,494.01214599609375,343.9188537597656,0.9526322484016418,187.8914794921875,340.56719970703125,0.9761372208595276,524.091064453125,443.0062561035156,0.8731023073196411,138.67633056640625,413.4763488769531,0.91632479429245,413.68377685546875,470.55108642578125,0.7743540406227112,281.4605407714844,467.7727966308594,0.8320381045341492,425.81610107421875,480.0,0.01357786450535059,194.95541381835938,471.4520263671875,0.01667570136487484,490.21112060546875,480.0,0.0008189888903871179,249.765625,445.7095947265625,0.000967973202932626,0
336.6106872558594,98.0318603515625,0.9982234835624695,354.3888854980469,80.41290283203125,0.9925204515457153,316.3477783203125,81.5399169921875,0.9938562512397766,374.879150390625,100.69515991210938,0.8516465425491333,284.33941650390625,103.2255859375,0.8839287757873535,426.69775390625,215.45301818847656,0.9922240972518921,237.87777709960938,221.81219482421875,0.9970065951347351,494.3692932128906,341.23333740234375,0.9521284699440002,184.36126708984375,346.7312927246094,0.9765726923942566,530.5062255859375,440.708251953125,0.8748438954353333,135.30300903320312,414.8807373046875,0.921976625919342,412.7113037109375,468.33148193359375,0.7656896710395813,281.137451171875,467.7291564941406,0.8250220417976379,423.7586364746094,480.0,0.013906746171414852,191.53909301757812,469.2924499511719,0.016992254182696342,483.49224853515625,480.0,0.000854434329085052,238.2630615234375,443.44940185546875,0.0009939715964719653,0
332.7076416015625,99.62013244628906,0.9979666471481323,351.251953125,82.29547119140625,0.9927420616149902,313.8967590332031,82.6556396484375,0.9918421506881714,372.95068359375,102.3021240234375,0.882254421710968,284.8495178222656,102.822021484375,0.8479856252670288,424.63623046875,215.73876953125,0.9930589199066162,236.44009399414062,222.15243530273438,0.9964959025382996,492.13836669921875,337.67572021484375,0.9611353874206543,181.35995483398438,346.8201599121094,0.9722938537597656,531.7677001953125,433.46435546875,0.8925830721855164,133.50851440429688,414.0504150390625,0.9112323522567749,412.2703857421875,467.7417297363281,0.7796085476875305,281.49053955078125,467.6973571777344,0.815524697303772,428.25152587890625,480.0,0.015345240011811256,194.62744140625,465.426513671875,0.01646127924323082,491.5412292480469,480.0,0.0009308858425356448,245.84979248046875,442.4922790527344,0.0010036573512479663,0
332.4345703125,100.94467163085938,0.9980689883232117,350.4415283203125,82.9495849609375,0.9924208521842957,313.321044921875,83.25982666015625,0.9926673769950867,371.21258544921875,101.06111145019531,0.8626410365104675,282.73370361328125,101.61886596679688,0.862113356590271,422.8860168457031,214.90542602539062,0.9930296540260315,235.756591796875,220.92819213867188,0.9966578483581543,493.81878662109375,336.8912658691406,0.9597977995872498,182.486083984375,344.9659118652344,0.9742573499679565,532.3072509765625,433.66107177734375,0.89133220911026,133.25643920898438,415.05987548828125,0.917351484298706,411.4462890625,466.98516845703125,0.7908726334571838,281.4487609863281,466.5510559082031,0.8303307890892029,426.8406677246094,480.0,0.015855373814702034,195.49020385742188,469.5179443359375,0.01766362413764,487.5728759765625,480.0,0.0009468455682508647,242.41030883789062,443.07745361328125,0.001043429714627564,0
332.1451721191406,99.83103942871094,0.9980729818344116,349.7961120605469,82.68984985351562,0.992424726486206,312.49078369140625,83.79425048828125,0.9929184317588806,370.4813232421875,103.06886291503906,0.8625830411911011,281.9053649902344,105.32991027832031,0.8740320205688477,422.1102294921875,215.5401611328125,0.9932841062545776,234.30050659179688,222.3978271484375,0.9967002272605896,491.6571044921875,334.29315185546875,0.9614884853363037,179.70933532714844,342.71673583984375,0.9739714860916138,533.86181640625,432.11865234375,0.8923908472061157,133.7133026123047,415.224609375,0.9161701798439026,411.17547607421875,464.4261474609375,0.8060418963432312,280.6568298339844,465.2642822265625,0.8401213884353638,430.5594787597656,480.0,0.017229579389095306,198.97691345214844,471.52880859375,0.018836578354239464,496.30694580078125,480.0,0.000989960739389062,249.51760864257812,447.08544921875,0.001075413660146296,0
334.05230712890625,97.51240539550781,0.9986359477043152,350.4524230957031,78.74749755859375,0.9934024214744568,313.5393371582031,80.03860473632812,0.9958053827285767,370.9772033691406,95.82893371582031,0.8409759402275085,283.887451171875,99.64765930175781,0.9193762540817261,421.80426025390625,212.1381378173828,0.9941874742507935,236.46432495117188,218.44424438476562,0.9973970651626587,492.35235595703125,333.4976806640625,0.9504731297492981,170.57936096191406,343.533447265625,0.9769307971000671,543.0591430664062,419.92529296875,0.842157244682312,125.50736999511719,434.75323486328125,0.9031132459640503,409.1180419921875,465.54156494140625,0.7624112963676453,280.64459228515625,468.8243408203125,0.8188424110412598,455.86614990234375,480.0,0.009230688214302063,225.75033569335938,473.2838134765625,0.011704040691256523,518.829833984375,480.0,0.0005795804900117218,266.50555419921875,455.1050720214844,0.0006933790282346308,0
334.1124572753906,96.84724426269531,0.998388409614563,351.6439514160156,80.03379821777344,0.9920475482940674,313.2065734863281,80.9752197265625,0.9959831237792969,374.93011474609375,100.67373657226562,0.8302342295646667,284.6963195800781,102.80322265625,0.9408408999443054,425.992919921875,212.69635009765625,0.9935576319694519,233.51577758789062,214.36122131347656,0.9975179433822632,490.7427978515625,333.8575134277344,0.9312126040458679,164.53175354003906,340.0140380859375,0.9778344631195068,543.2205810546875,421.7913513183594,0.7849569320678711,160.25621032714844,438.46728515625,0.9011855125427246,410.3574523925781,465.96710205078125,0.7534927725791931,277.35693359375,469.1158752441406,0.8314079642295837,456.04754638671875,480.0,0.0075569478794932365,234.63088989257812,480.0,0.011152518913149834,507.4404296875,480.0,0.0004550796584226191,284.2342529296875,460.0362854003906,0.000596968864556402,0
339.4646301269531,96.40765380859375,0.9975289702415466,358.96307373046875,81.3597412109375,0.9919484853744507,323.035400390625,79.8690185546875,0.9895874261856079,381.1537170410156,103.64433288574219,0.8930044770240784,296.59246826171875,99.3994140625,0.8228501677513123,427.75982666015625,214.8251953125,0.9933439493179321,243.16404724121094,214.4568328857422,0.9965258240699768,488.9555969238281,337.0663757324219,0.9664320349693298,181.12210083007812,336.5939636230469,0.9732180237770081,522.210205078125,432.4327087402344,0.8979034423828125,133.62570190429688,413.6038818359375,0.9063528180122375,408.6474609375,467.2598571777344,0.8278261423110962,279.6084289550781,464.5325927734375,0.8520224094390869,424.98101806640625,480.0,0.016907373443245888,194.96676635742188,475.0304260253906,0.017267553135752678,489.01531982421875,480.0,0.0009104676428250968,249.0416717529297,448.33648681640625,0.0009456046391278505,0
341.47406005859375,93.13082885742188,0.9969897270202637,361.24609375,79.32699584960938,0.990425169467926,325.9765625,77.34869384765625,0.9871296286582947,384.149658203125,103.78369140625,0.8932068347930908,301.2901611328125,98.37033081054688,0.8031836748123169,430.87359619140625,215.9696044921875,0.9928240776062012,246.12979125976562,213.1267852783203,0.9965008497238159,490.096923828125,340.3819580078125,0.9627432227134705,182.8359375,335.1173400878906,0.9728455543518066,519.712890625,438.2124328613281,0.885392963886261,134.82150268554688,412.5204162597656,0.9004752039909363,405.67486572265625,468.682373046875,0.8176701664924622,277.53759765625,464.21624755859375,0.8477408289909363,417.4587707519531,480.0,0.015439599752426147,195.63739013671875,475.91119384765625,0.01640385575592518,477.414306640625,480.0,0.0008227539947256446,253.41879272460938,447.71624755859375,0.0008784583187662065,0
344.3059997558594,94.41770935058594,0.9983637928962708,363.5764465332031,79.57829284667969,0.992759108543396,326.4782409667969,77.50457763671875,0.9956104159355164,386.69976806640625,101.91325378417969,0.8600177764892578,300.24847412109375,96.54440307617188,0.93215411901474,431.8586120605469,212.9014892578125,0.9936888217926025,242.490966796875,207.42799377441406,0.9975519776344299,494.3172607421875,335.98480224609375,0.9377022981643677,166.79086303710938,333.97515869140625,0.9781728386878967,542.8509521484375,419.36309814453125,0.8010511994361877,158.87391662597656,436.71295166015625,0.8994244337081909,410.1416931152344,462.41143798828125,0.7601016759872437,278.83966064453125,462.83343505859375,0.8321844339370728,456.88531494140625,480.0,0.00779688311740756,232.12661743164062,480.0,0.011131487786769867,506.4312744140625,480.0,0.0004583157424349338,280.29962158203125,459.76116943359375,0.0005811747396364808,0
346.3447265625,95.59744262695312,0.9983323216438293,365.230224609375,81.11756896972656,0.9932259917259216,328.4696960449219,79.69326782226562,0.9952765703201294,388.5102233886719,105.03767395019531,0.877807080745697,302.39520263671875,101.03199768066406,0.9203144311904907,437.49237060546875,216.4285888671875,0.993644118309021,244.43081665039062,211.10162353515625,0.9971649050712585,498.8936767578125,334.60302734375,0.9531591534614563,171.73670959472656,329.373046875,0.9790648221969604,540.8037719726562,413.75958251953125,0.8537331819534302,156.05929565429688,431.7025451660156,0.9106194376945496,417.17462158203125,465.14459228515625,0.8052382469177246,280.43304443359375,464.09423828125,0.8560431003570557,468.2916259765625,480.0,0.00954252015799284,215.06224060058594,478.568603515625,0.012105956673622131,531.6375122070312,480.0,0.0004866590606980026,259.8636474609375,452.54571533203125,0.0005799662321805954,0
348.01580810546875,92.380615234375,0.9982261061668396,367.62493896484375,78.36822509765625,0.993846595287323,331.5787658691406,76.88580322265625,0.9934380650520325,391.18011474609375,103.77178955078125,0.9050866365432739,307.15008544921875,99.73043823242188,0.8643546104431152,437.0202331542969,216.73492431640625,0.9929895401000977,253.17044067382812,213.30740356445312,0.9969353675842285,497.49615478515625,331.5116271972656,0.9627195000648499,181.0236358642578,325.8403625488281,0.9786473512649536,536.104248046875,418.8734436035156,0.8937841057777405,127.43157958984375,413.1620788574219,0.9211432337760925,410.9195556640625,467.6748046875,0.81114262342453,280.4347839355469,463.88897705078125,0.8535846471786499,442.7821350097656,480.0,0.012809679843485355,196.31961059570312,469.6966552734375,0.01469730120152235,510.92340087890625,480.0,0.0006798820686526597,240.94268798828125,438.79095458984375,0.000763599353376776,0
354.1750793457031,93.24501037597656,0.9984903335571289,373.75604248046875,79.38896179199219,0.9931435585021973,336.0641784667969,77.00389099121094,0.9958837628364563,396.3982238769531,103.80841064453125,0.8572134971618652,308.5071105957031,97.83572387695312,0.9287365078926086,439.3135681152344,214.7133026123047,0.993198037147522,249.91021728515625,205.78567504882812,0.9973428845405579,502.091552734375,337.00732421875,0.940945029258728,171.62286376953125,326.28900146484375,0.978821873664856,543.556396484375,421.5749206542969,0.8243736624717712,159.06390380859375,432.67315673828125,0.9089405536651611,408.3561096191406,463.64959716796875,0.7515777945518494,276.12933349609375,461.742919921875,0.8239566087722778,450.8371887207031,480.0,0.007690631318837404,220.90904235839844,474.57366943359375,0.010758157819509506,494.4190673828125,480.0,0.0004545541887637228,261.03704833984375,461.4546813964844,0.0005564101738855243,0
357.32159423828125,94.24383544921875,0.9985149502754211,377.107666015625,79.57701110839844,0.993128776550293,339.5339050292969,76.50502014160156,0.995851993560791,399.4436340332031,102.2677001953125,0.8528891801834106,311.5480041503906,94.82859802246094,0.9254761338233948,441.0957336425781,216.2570037841797,0.9931765794754028,252.20033264160156,204.52947998046875,0.9972385168075562,502.7703857421875,339.7231140136719,0.9405827522277832,173.9434356689453,324.3883056640625,0.9777535200119019,544.6290283203125,421.296142578125,0.8254715800285339,155.2552490234375,432.304443359375,0.9055991768836975,407.4521179199219,467.2403259277344,0.7335178852081299,275.8978576660156,463.4566955566406,0.8072400093078613,450.12213134765625,480.0,0.007157974876463413,220.15130615234375,471.3564758300781,0.009773104451596737,495.32891845703125,480.0,0.00043906542123295367,259.51873779296875,457.1672668457031,0.0005306544480845332,0
350.92559814453125,130.3512420654297,0.9977310299873352,373.1595458984375,108.56398010253906,0.99294513463974,327.4219055175781,108.31784057617188,0.9939291477203369,401.7919616699219,121.58155822753906,0.8777782320976257,292.9539794921875,121.134521484375,0.9033500552177429,449.6695251464844,230.75735473632812,0.9907783269882202,235.87884521484375,233.43612670898438,0.9954610466957092,510.6258544921875,378.658935546875,0.8966166973114014,170.87286376953125,386.32855224609375,0.9443506002426147,470.91357421875,473.58013916015625,0.7697384357452393,234.427978515625,471.39788818359375,0.8518286943435669,418.75604248046875,467.05706787109375,0.4367969334125519,274.28533935546875,471.20550537109375,0.49979278445243835,459.5115966796875,440.80950927734375,0.005379479844123125,241.37721252441406,441.0704345703125,0.007032899186015129,446.2646484375,458.7933349609375,0.0006940746097825468,283.36785888671875,442.78466796875,0.0007845773943699896,1
351.0043029785156,130.11300659179688,0.9977579712867737,373.2892761230469,108.56886291503906,0.9929646253585815,327.2942810058594,108.27201843261719,0.9939788579940796,401.86895751953125,122.27371215820312,0.8784433007240295,292.541748046875,121.83212280273438,0.9044593572616577,449.9217224121094,230.90023803710938,0.9911735653877258,235.46127319335938,233.46932983398438,0.9955315589904785,509.6605224609375,378.98919677734375,0.9011253118515015,171.68682861328125,386.5036926269531,0.9453272223472595,470.9683532714844,473.71563720703125,0.7735899090766907,232.61302185058594,472.3669128417969,0.8511857390403748,418.3956604003906,467.4920654296875,0.44300439953804016,273.20355224609375,471.3392333984375,0.5027894377708435,460.9512939453125,440.0452880859375,0.005458210129290819,240.42047119140625,438.5691833496094,0.007034587673842907,448.43798828125,459.81646728515625,0.0006997275049798191,282.3633728027344,441.438232421875,0.0007863280479796231,1
351.2388916015625,131.1293182373047,0.9977444410324097,373.5740661621094,109.60256958007812,0.9928472638130188,327.7749328613281,108.70280456542969,0.9938866496086121,401.7883605957031,122.60073852539062,0.8744564056396484,292.552734375,120.879638671875,0.9039667248725891,449.36956787109375,229.96022033691406,0.9913575649261475,235.39303588867188,233.21568298339844,0.9955636262893677,511.360107421875,376.8912658691406,0.9036155343055725,171.74578857421875,387.6691589355469,0.9456051588058472,470.4780578613281,473.7220764160156,0.7802524566650391,233.0677490234375,471.764892578125,0.8556808233261108,419.1471862792969,466.63031005859375,0.45333132147789,274.61395263671875,470.7105407714844,0.5100901126861572,461.55438232421875,440.04803466796875,0.005727590527385473,243.50341796875,439.39898681640625,0.007346480619162321,441.68194580078125,459.1837158203125,0.0007288344786502421,282.325439453125,442.0031433105469,0.000815549457911402,1
351.41156005859375,131.5375518798828,0.9977290034294128,373.7454528808594,109.56158447265625,0.9927480816841125,327.9345397949219,108.85055541992188,0.9938784241676331,401.96661376953125,121.79461669921875,0.8711413741111755,292.677734375,120.37680053710938,0.9039434790611267,449.0521240234375,230.02159118652344,0.9911177158355713,235.17294311523438,233.3028564453125,0.9954973459243774,510.06744384765625,377.30712890625,0.9020476937294006,171.5827178955078,387.94561767578125,0.944918155670166,469.9643859863281,473.2545166015625,0.7804400324821472,234.09112548828125,471.89691162109375,0.8557205200195312,418.2979431152344,466.96868896484375,0.44812625646591187,273.89404296875,471.16259765625,0.5056747794151306,459.5517578125,440.4204406738281,0.0056984941475093365,241.5240478515625,439.9676208496094,0.007293167058378458,442.310302734375,459.1954650878906,0.0007325448677875102,281.45538330078125,442.1114196777344,0.000817077059764415,1
351.1387023925781,131.40069580078125,0.9977558255195618,373.5072021484375,109.70758056640625,0.9928963780403137,327.91546630859375,109.067626953125,0.9939899444580078,401.8981628417969,122.44577026367188,0.8749847412109375,293.3197937011719,121.05120849609375,0.9044051170349121,449.2623291015625,230.3485870361328,0.9907229542732239,235.86004638671875,233.46609497070312,0.9956595301628113,509.69610595703125,377.27130126953125,0.8981953263282776,171.28448486328125,387.3382873535156,0.9478552341461182,470.64404296875,474.2017822265625,0.773441731929779,234.07980346679688,470.85528564453125,0.8595756888389587,418.6486511230469,467.88336181640625,0.44653698801994324,274.1509704589844,471.8929443359375,0.5148417353630066,457.55389404296875,441.3671569824219,0.0055493381805717945,237.5259246826172,440.8271179199219,0.007358967792242765,441.82318115234375,460.30169677734375,0.0007168660522438586,277.69622802734375,443.00665283203125,0.0008182006422430277,1
351.0396423339844,132.10983276367188,0.9977692365646362,373.4100646972656,110.26895141601562,0.9929056167602539,327.5269470214844,109.85487365722656,0.994025707244873,401.83770751953125,122.90988159179688,0.8760725259780884,292.544189453125,122.09130859375,0.9051183462142944,449.8389892578125,230.81021118164062,0.9911313652992249,234.81947326660156,234.03717041015625,0.9956314563751221,510.2631530761719,378.1077880859375,0.9015140533447266,171.583251953125,387.3163146972656,0.9466085433959961,469.4549865722656,474.66107177734375,0.7763014435768127,233.20455932617188,471.3489990234375,0.8557891845703125,418.60919189453125,469.217041015625,0.4464963376522064,273.10357666015625,473.20465087890625,0.5086683630943298,459.9578857421875,441.08148193359375,0.00552431121468544,238.7880096435547,439.51806640625,0.007156754843890667,447.103271484375,461.7638854980469,0.0007163678528741002,282.1217041015625,442.9075927734375,0.0008079226827248931,1
350.22357177734375,132.42831420898438,0.9977089166641235,372.8998107910156,110.49365234375,0.992842435836792,326.8009948730469,109.65640258789062,0.9938204884529114,401.60748291015625,122.77949523925781,0.8781399726867676,291.887451171875,120.99589538574219,0.9037610292434692,449.579833984375,230.48330688476562,0.9910880327224731,234.29034423828125,233.4178466796875,0.9956539869308472,509.1253356933594,376.9713439941406,0.8999819159507751,172.009033203125,386.9828186035156,0.9462960362434387,470.41510009765625,474.24176025390625,0.7701955437660217,233.31195068359375,470.14044189453125,0.853438138961792,420.2585754394531,469.07659912109375,0.4480915069580078,274.8044128417969,472.83294677734375,0.5118370056152344,461.53814697265625,444.3182678222656,0.005406841170042753,240.98204040527344,440.9765625,0.00705256313085556,448.02105712890625,463.857177734375,0.0006914439727552235,284.9840087890625,442.4614562988281,0.0007885638042353094,1
350.248291015625,132.5635528564453,0.9976879358291626,372.668212890625,110.8408203125,0.9927023649215698,327.02093505859375,110.22590637207031,0.9938024282455444,401.1622314453125,122.950927734375,0.8770973086357117,292.4677734375,121.55010986328125,0.9052963256835938,449.1878662109375,229.99766540527344,0.9912384152412415,234.5309295654297,232.66152954101562,0.9957428574562073,509.43438720703125,377.0606994628906,0.9010880589485168,171.7193603515625,386.338134765625,0.9473376870155334,471.70281982421875,472.8878479003906,0.7725724577903748,234.72018432617188,470.374267578125,0.8543185591697693,418.36334228515625,468.762451171875,0.4540645480155945,273.43804931640625,472.453857421875,0.5180378556251526,457.4101257324219,443.2139892578125,0.0055945441126823425,239.12451171875,440.3847961425781,0.007294890005141497,444.5848388671875,463.34393310546875,0.0007153981132432818,284.3454284667969,442.5375061035156,0.00081315275747329,1
350.1779479980469,132.29473876953125,0.9977254271507263,372.17156982421875,110.27001953125,0.9927012920379639,326.5063781738281,110.21536254882812,0.993920087814331,400.5399475097656,122.1407470703125,0.873927652835846,291.69268798828125,122.171630859375,0.9062668681144714,449.0459289550781,229.7168426513672,0.9912036657333374,234.9290771484375,233.4776611328125,0.995728075504303,509.61602783203125,376.6708984375,0.9002033472061157,171.4619598388672,386.32427978515625,0.9467731714248657,471.4702453613281,473.81988525390625,0.7694031596183777,232.5752716064453,470.8081359863281,0.8534296154975891,419.535888671875,468.34600830078125,0.44891759753227234,275.1407775878906,472.6612548828125,0.5130953192710876,459.5646667480469,442.6161193847656,0.00550100626423955,243.13946533203125,440.7735290527344,0.007177609018981457,447.4293518066406,462.7685852050781,0.0007038104231469333,288.016357421875,442.5509948730469,0.0008007186115719378,1
349.2580871582031,131.49777221679688,0.997707724571228,371.6649475097656,110.16175842285156,0.9930130839347839,326.1416015625,109.67230224609375,0.9936961531639099,400.453369140625,123.28623962402344,0.8869938850402832,292.2713317871094,122.2484130859375,0.8993095755577087,449.6885070800781,230.79574584960938,0.9912858605384827,235.3776397705078,232.79132080078125,0.9956075549125671,510.3996276855469,378.2615966796875,0.9013440608978271,172.57852172851562,384.67474365234375,0.9463409781455994,470.72216796875,474.2754211425781,0.7699952721595764,232.58062744140625,471.131103515625,0.8484904766082764,418.54608154296875,468.93096923828125,0.4440309703350067,273.5499267578125,472.03155517578125,0.5068509578704834,457.0804443359375,441.2184143066406,0.005355428904294968,237.08547973632812,437.9219970703125,0.006936043035238981,446.09442138671875,461.5201721191406,0.000691854627802968,282.4637451171875,440.831298828125,0.0007838637102395296,1
349.21435546875,131.1587677001953,0.997771680355072,371.8193359375,110.00746154785156,0.993114173412323,325.7174377441406,109.47541809082031,0.99396812915802,400.8287353515625,124.06590270996094,0.886038064956665,291.3376159667969,123.03787231445312,0.9029703140258789,450.5291748046875,231.1181640625,0.9912444353103638,234.45880126953125,233.4204864501953,0.9957440495491028,511.57269287109375,378.22039794921875,0.9012444019317627,171.7959442138672,385.2850341796875,0.9489237070083618,471.04693603515625,474.6745910644531,0.7709096670150757,232.0240936279297,471.1970520019531,0.8550724387168884,420.2543029785156,470.8846435546875,0.44859373569488525,273.5672607421875,474.1801452636719,0.5161058902740479,462.0532531738281,442.29302978515625,0.005248504690825939,238.03109741210938,438.8187561035156,0.006953485310077667,450.549560546875,463.4962463378906,0.0006763860583305359,283.1629638671875,442.2777099609375,0.0007794396369718015,1
349.5250244140625,130.96434020996094,0.9977291226387024,371.9226379394531,109.36085510253906,0.993087112903595,325.68157958984375,109.61395263671875,0.9939356446266174,401.2411193847656,122.97334289550781,0.8871528506278992,291.583984375,123.67304992675781,0.9036176800727844,450.7857666015625,230.7575225830078,0.9910545945167542,234.96209716796875,234.10833740234375,0.9956470131874084,510.55084228515625,378.4432678222656,0.8968522548675537,171.6478271484375,386.166259765625,0.9453915953636169,472.781982421875,474.32977294921875,0.7593618631362915,231.3223114013672,472.5838623046875,0.8435887098312378,418.6091613769531,468.65753173828125,0.4318488538265228,272.57440185546875,472.50933837890625,0.4971682131290436,458.80389404296875,440.837890625,0.005077514331787825,237.87757873535156,437.9564208984375,0.006651715375483036,450.5875244140625,461.038818359375,0.0006610964192077518,284.96466064453125,439.8865966796875,0.0007558726356364787,1
349.5562438964844,131.09674072265625,0.9977331161499023,371.76666259765625,109.14622497558594,0.9930605888366699,325.6837463378906,109.3643798828125,0.9938638210296631,400.942626953125,121.96035766601562,0.8845406174659729,291.5560302734375,122.65469360351562,0.9026313424110413,449.9661560058594,230.49951171875,0.991243839263916,235.201416015625,233.75550842285156,0.9955995082855225,509.7589111328125,378.3419189453125,0.8998605608940125,171.1577911376953,386.2066650390625,0.9451102614402771,473.60723876953125,474.33544921875,0.7663236856460571,231.813720703125,472.197509765625,0.8465744256973267,418.35809326171875,467.89385986328125,0.4434612989425659,273.2496643066406,471.9130554199219,0.5047653317451477,459.5472106933594,441.6888427734375,0.005344708450138569,240.46322631835938,439.40093994140625,0.0069276560097932816,449.6324157714844,461.1745300292969,0.000685452832840383,284.77313232421875,440.712890625,0.000776990142185241,1
349.39453125,130.43148803710938,0.997702419757843,371.7288818359375,108.87515258789062,0.9929441809654236,325.6728820800781,108.90132141113281,0.9937730431556702,400.8848571777344,122.35385131835938,0.8850212097167969,291.5534973144531,122.57711791992188,0.9028677940368652,449.18963623046875,230.37127685546875,0.9914932250976562,235.22964477539062,233.622314453125,0.9957358837127686,509.8474426269531,379.188720703125,0.901698648929596,171.3074188232422,387.4461975097656,0.9461780190467834,471.1082458496094,474.7679443359375,0.7696238160133362,233.77349853515625,471.8363037109375,0.8494771122932434,417.4878234863281,468.38934326171875,0.45239418745040894,272.9844055175781,472.59271240234375,0.5133293271064758,458.3956298828125,442.9981384277344,0.0053953854367136955,242.82861328125,442.020751953125,0.007013109978288412,445.5731506347656,461.30072021484375,0.0006776845548301935,287.93817138671875,442.78131103515625,0.0007670255145058036,1
349.3844299316406,129.974609375,0.997722327709198,372.2949523925781,108.81246948242188,0.9930711388587952,326.064453125,108.12274169921875,0.993802547454834,401.6145324707031,123.27432250976562,0.8867102861404419,292.11474609375,121.7447509765625,0.9026637077331543,448.9468994140625,230.95533752441406,0.9912133812904358,234.87403869628906,233.9169158935547,0.995715320110321,509.7440490722656,377.8818054199219,0.9000403881072998,171.45684814453125,387.82464599609375,0.9465302228927612,473.3861083984375,474.453125,0.7687211036682129,233.70913696289062,471.87896728515625,0.8510978817939758,418.08740234375,468.4148864746094,0.4418080151081085,273.3975524902344,472.6507263183594,0.5048350691795349,460.55450439453125,440.1143493652344,0.005345841869711876,242.40472412109375,439.2102355957031,0.007039639167487621,446.3274230957031,459.73089599609375,0.0006889126379974186,287.3553466796875,442.2276306152344,0.0007873544818721712,1
349.28643798828125,129.7216796875,0.9977123737335205,372.1903076171875,108.78616333007812,0.9930778741836548,325.9603271484375,108.16744995117188,0.9937299489974976,401.4714660644531,123.42633056640625,0.890163242816925,291.91705322265625,122.00892639160156,0.903287410736084,449.51629638671875,230.18875122070312,0.9916611909866333,234.44400024414062,233.3750762939453,0.9958866238594055,510.2814025878906,377.2906494140625,0.9037217497825623,171.47618103027344,387.2015686035156,0.9473834037780762,471.51361083984375,475.4355773925781,0.7685220241546631,234.40774536132812,471.70587158203125,0.8489281535148621,419.70648193359375,468.762451171875,0.4537675976753235,274.41632080078125,473.0455322265625,0.5153658390045166,460.96246337890625,441.7741394042969,0.00533593725413084,243.33172607421875,440.4703369140625,0.00694048497825861,447.9023742675781,461.55975341796875,0.0006710539455525577,291.8952941894531,443.0143737792969,0.0007624402642250061,1
348.9042053222656,128.661376953125,0.9977301955223083,371.8531799316406,108.11656188964844,0.9930283427238464,325.8884582519531,107.04649353027344,0.9937791228294373,400.68524169921875,123.345947265625,0.8878290057182312,291.663818359375,120.89071655273438,0.9034339189529419,448.3874206542969,230.44976806640625,0.9916259050369263,234.2867889404297,232.85743713378906,0.9958431124687195,511.2584533691406,378.2132568359375,0.902661919593811,171.5734405517578,386.9732971191406,0.9470841288566589,471.91021728515625,476.12335205078125,0.7691712975502014,232.33685302734375,471.4329833984375,0.8506451845169067,419.4168701171875,469.21490478515625,0.4447694420814514,274.8846435546875,473.257568359375,0.5068700313568115,460.8459777832031,441.413818359375,0.005263892468065023,244.97244262695312,440.702392578125,0.0068899900652468204,446.1046142578125,461.1512145996094,0.0006663795793429017,293.2745056152344,444.3609924316406,0.0007592095644213259,1
346.65875244140625,124.33610534667969,0.9977720379829407,369.60205078125,103.16554260253906,0.9932884573936462,323.1266174316406,102.05036926269531,0.9937214851379395,398.87646484375,118.89755249023438,0.8908573985099792,288.84051513671875,116.70004272460938,0.8988099098205566,449.03515625,231.13043212890625,0.9911258816719055,232.80319213867188,233.59637451171875,0.9956408739089966,511.147216796875,380.7251892089844,0.8949341773986816,170.3826446533203,390.52557373046875,0.9455015659332275,471.51336669921875,473.3255615234375,0.7743849158287048,233.47500610351562,472.6138610839844,0.8574981689453125,420.65863037109375,471.3371887207031,0.41360658407211304,274.8273010253906,474.7069091796875,0.4815176725387573,457.9809265136719,441.96490478515625,0.004961675498634577,238.94876098632812,439.4098205566406,0.00664416141808033,438.2576599121094,460.83099365234375,0.0006428768974728882,280.5667724609375,441.4444885253906,0.0007464442169293761,1
345.9522399902344,121.288330078125,0.9977600574493408,368.3481140136719,101.0313720703125,0.9929827451705933,322.5142822265625,100.06430053710938,0.9938388466835022,396.5015869140625,118.3818359375,0.8861863613128662,287.89739990234375,116.51251220703125,0.9053056836128235,447.5038146972656,230.4912872314453,0.9913666844367981,231.6317138671875,233.7111053466797,0.9957692623138428,511.3466796875,380.06976318359375,0.8929704427719116,171.24078369140625,390.75469970703125,0.9443896412849426,471.96978759765625,474.254150390625,0.761161744594574,232.42669677734375,473.3838195800781,0.8485876321792603,420.6532287597656,470.77783203125,0.3999682664871216,275.45849609375,474.4807434082031,0.46735045313835144,456.58612060546875,439.7546691894531,0.004733535461127758,240.62033081054688,437.050048828125,0.006299148313701153,438.6288757324219,459.1239929199219,0.0006191112915985286,287.09149169921875,438.9114685058594,0.0007168370066210628,1
344.1180419921875,115.8642578125,0.9978195428848267,367.1024169921875,95.62113952636719,0.9937252402305603,321.813720703125,94.07142639160156,0.9934065341949463,396.17633056640625,113.46173095703125,0.90595942735672,289.3739929199219,110.07066345214844,0.8907926082611084,447.6863708496094,229.4072723388672,0.9919005632400513,232.19337463378906,231.24301147460938,0.9957169890403748,511.28558349609375,381.4048767089844,0.9013775587081909,171.73837280273438,390.32208251953125,0.9442406296730042,473.5815124511719,474.1463928222656,0.7785493731498718,232.659912109375,471.89862060546875,0.8494851589202881,420.485107421875,470.519775390625,0.4110436737537384,275.24676513671875,473.5447692871094,0.47207891941070557,456.846435546875,440.7689514160156,0.004789743106812239,235.39407348632812,437.5194091796875,0.0062258015386760235,443.46002197265625,457.3644714355469,0.0006033064564689994,281.73883056640625,438.1613464355469,0.0006897170678712428,1
344.4749450683594,112.205322265625,0.9978752136230469,367.5300598144531,92.73880004882812,0.9936757683753967,322.34881591796875,91.48057556152344,0.9937738180160522,396.719482421875,112.67132568359375,0.9010663628578186,290.5099792480469,109.6734619140625,0.8952419757843018,446.01324462890625,228.31069946289062,0.9910851120948792,233.67303466796875,230.53585815429688,0.9958452582359314,509.98248291015625,379.60552978515625,0.8969948291778564,171.5336151123047,389.0240478515625,0.9487007856369019,476.26104736328125,472.2552490234375,0.7730218768119812,232.57901000976562,471.80792236328125,0.8572314381599426,419.34381103515625,469.7603454589844,0.4014826714992523,275.289306640625,473.8702087402344,0.475024938583374,457.34796142578125,438.3739013671875,0.004396091680973768,235.64239501953125,439.1317138671875,0.005999477114528418,448.1253356933594,453.0798034667969,0.0005521912244148552,283.45306396484375,439.45294189453125,0.0006457652780227363,1
344.8809509277344,111.80946350097656,0.9977902173995972,367.47265625,91.73538208007812,0.9934027791023254,322.8617858886719,90.53327941894531,0.9934837222099304,396.0224609375,110.48422241210938,0.8994629383087158,290.9775390625,107.74887084960938,0.8937917947769165,446.3239440917969,229.78890991210938,0.9911621809005737,233.21478271484375,231.26083374023438,0.995665967464447,510.01751708984375,383.25091552734375,0.8929164409637451,171.28993225097656,390.3241882324219,0.9438571929931641,471.7563171386719,475.52685546875,0.769730269908905,234.29290771484375,472.11138916015625,0.8516284227371216,417.9547424316406,470.9924621582031,0.38032087683677673,274.5120544433594,474.45654296875,0.4486086368560791,454.0145263671875,439.84173583984375,0.00431122537702322,236.69256591796875,439.26702880859375,0.005782837048172951,443.5185546875,454.2669677734375,0.0005538616678677499,284.93670654296875,438.9277648925781,0.0006405892199836671,1
345.3129577636719,113.89430236816406,0.9978495836257935,368.11279296875,92.93673706054688,0.9935168027877808,323.06756591796875,91.58355712890625,0.9936168193817139,396.97100830078125,110.02777099609375,0.895138680934906,290.7298278808594,107.06710815429688,0.8915543556213379,446.05169677734375,228.7926483154297,0.9908266663551331,233.61721801757812,231.00453186035156,0.995465874671936,508.6326904296875,380.1134948730469,0.8949968814849854,172.22787475585938,389.675048828125,0.9440129995346069,472.70947265625,473.513916015625,0.7773757576942444,232.17193603515625,471.9062194824219,0.8559446930885315,418.2236022949219,469.56353759765625,0.37688305974006653,274.9096374511719,473.27740478515625,0.4425716698169708,458.1424560546875,437.02178955078125,0.0043265074491500854,237.40264892578125,435.9441833496094,0.005766470916569233,446.563232421875,452.6045837402344,0.0005636006826534867,280.95782470703125,436.60015869140625,0.000650497735477984,1
345.999755859375,118.75411987304688,0.9978123903274536,368.50201416015625,98.19392395019531,0.9931320548057556,323.18402099609375,97.02789306640625,0.9937631487846375,396.57183837890625,115.0906982421875,0.8858863115310669,289.3530578613281,112.57667541503906,0.8992684483528137,445.458740234375,229.36868286132812,0.9911019802093506,233.0935516357422,232.18716430664062,0.9955959916114807,508.6455993652344,379.36639404296875,0.8968973159790039,172.9646759033203,389.81878662109375,0.9450028538703918,472.0018005371094,473.91204833984375,0.7743277549743652,233.60968017578125,472.51318359375,0.854421854019165,418.495361328125,469.8565673828125,0.39109691977500916,275.2690734863281,473.72174072265625,0.4558848738670349,455.1291809082031,436.7418212890625,0.004586769267916679,238.24557495117188,435.6402282714844,0.006035825237631798,440.2156066894531,454.87493896484375,0.0005998247652314603,283.0192565917969,437.72119140625,0.0006849783821962774,1
346.39874267578125,119.41360473632812,0.9977965354919434,369.22125244140625,99.75656127929688,0.9932650327682495,324.0077819824219,97.60043334960938,0.9936769604682922,397.3216247558594,117.90087890625,0.8910184502601624,290.4148864746094,113.29989624023438,0.8982633948326111,446.24078369140625,230.95925903320312,0.991365909576416,233.56793212890625,231.98513793945312,0.9956236481666565,509.68121337890625,380.39031982421875,0.8987883925437927,173.27615356445312,389.9287109375,0.9462777972221375,472.8703308105469,473.44134521484375,0.778677761554718,234.18414306640625,471.99786376953125,0.8575184941291809,417.4105224609375,469.66900634765625,0.41085484623908997,273.72296142578125,472.2551574707031,0.4752250611782074,454.45147705078125,439.0241394042969,0.004922258201986551,235.41195678710938,436.16778564453125,0.0065260692499578,432.04681396484375,457.4385986328125,0.0006271593738347292,274.1569519042969,439.33697509765625,0.0007197191007435322,1
348.5522766113281,123.9964599609375,0.9978210926055908,371.624267578125,103.46449279785156,0.9930499792098999,325.4977722167969,101.38548278808594,0.9939858317375183,399.6961669921875,120.18826293945312,0.8785756826400757,290.30718994140625,115.6829833984375,0.9048701524734497,447.5052185058594,231.95230102539062,0.9911263585090637,233.05218505859375,232.97915649414062,0.9956395626068115,509.2115783691406,380.3734436035156,0.8973193764686584,172.7119140625,389.38134765625,0.946264922618866,472.5666198730469,474.9114685058594,0.7736230492591858,232.64651489257812,473.50372314453125,0.8579704761505127,421.14227294921875,469.97967529296875,0.413987934589386,276.1612854003906,473.0919189453125,0.47996339201927185,462.499267578125,439.3031005859375,0.005098390858620405,241.18252563476562,436.3501281738281,0.00677758501842618,444.0249328613281,458.25225830078125,0.0006737672374583781,282.38525390625,439.58660888671875,0.0007772663957439363,1
352.66009521484375,128.56982421875,0.9977801442146301,376.0838317871094,108.83447265625,0.9925780892372131,331.1660461425781,105.02296447753906,0.9940311312675476,402.6460876464844,124.68887329101562,0.8647688627243042,295.5773010253906,115.92498779296875,0.9108195304870605,446.47906494140625,233.30145263671875,0.991303563117981,233.7010040283203,232.67530822753906,0.9957036375999451,510.95355224609375,378.69384765625,0.8999590277671814,171.93345642089844,389.04437255859375,0.9451237916946411,473.506591796875,475.048583984375,0.7741570472717285,231.02310180664062,472.31048583984375,0.8558263778686523,418.75225830078125,470.01025390625,0.4180419147014618,275.6959228515625,473.008056640625,0.4762246608734131,464.24676513671875,439.48345947265625,0.005189200863242149,247.3583526611328,437.6181945800781,0.006754228379577398,440.96844482421875,458.79559326171875,0.0006814103689976037,290.3475646972656,443.54254150390625,0.0007693219231441617,1
353.69696044921875,129.120361328125,0.997733473777771,377.8959045410156,110.151123046875,0.9928138852119446,332.5204162597656,105.62716674804688,0.9938188195228577,405.04766845703125,127.42428588867188,0.8754872679710388,297.33416748046875,116.9952392578125,0.9091770052909851,447.4315185546875,233.10763549804688,0.9917604923248291,233.88531494140625,233.02798461914062,0.9958057403564453,510.76275634765625,376.5692138671875,0.9067780375480652,171.73106384277344,391.3243103027344,0.9457360506057739,474.08941650390625,472.30328369140625,0.7848666906356812,232.8560791015625,472.50830078125,0.8560400605201721,417.612060546875,468.1125183105469,0.4501577615737915,273.7589416503906,471.3684387207031,0.5008468627929688,465.26605224609375,437.253173828125,0.006000927183777094,245.8082275390625,435.90087890625,0.007648547645658255,436.2458190917969,458.2347717285156,0.0007759801810607314,286.4746398925781,444.4012145996094,0.0008636090205982327,1
358.76019287109375,131.47314453125,0.997793436050415,382.1211853027344,110.98358154296875,0.9922003149986267,336.86859130859375,107.10856628417969,0.9943800568580627,408.09100341796875,125.48779296875,0.8386388421058655,299.5905456542969,116.55838012695312,0.9181256294250488,447.7994079589844,233.8662567138672,0.9910017848014832,235.4869384765625,233.39102172851562,0.9955484867095947,510.7548828125,378.0013427734375,0.9012838006019592,170.563720703125,390.3030090332031,0.9434576034545898,472.55596923828125,473.60223388671875,0.785007119178772,235.42153930664062,471.809814453125,0.8616084456443787,415.31170654296875,466.31591796875,0.44204795360565186,272.5968017578125,469.97802734375,0.49223241209983826,463.1897277832031,438.3763732910156,0.005951492115855217,247.17041015625,439.92022705078125,0.0075412471778690815,434.2256774902344,454.1492919921875,0.000779361987952143,282.88671875,443.4431457519531,0.0008483531419187784,1
360.761962890625,134.84646606445312,0.9978024363517761,384.1055908203125,113.41819763183594,0.9921647310256958,337.7168884277344,110.5885009765625,0.9946005344390869,411.20355224609375,126.19805908203125,0.8346532583236694,300.1697692871094,119.77725219726562,0.9217620491981506,450.925048828125,232.866943359375,0.9905837774276733,237.4332275390625,233.41375732421875,0.995822548866272,510.3289794921875,377.76983642578125,0.8949971795082092,170.26824951171875,389.94775390625,0.9464213848114014,472.7742004394531,473.8961181640625,0.7706220746040344,235.9735565185547,472.003662109375,0.863502562046051,417.32977294921875,467.244873046875,0.44788622856140137,273.81500244140625,471.41400146484375,0.5097233653068542,465.71856689453125,439.8582458496094,0.006009959150105715,251.8882293701172,440.9873046875,0.00796276330947876,437.5958557128906,456.30645751953125,0.0008051467011682689,288.61395263671875,443.27545166015625,0.0009057213901542127,1
376.1799011230469,96.71786499023438,0.9980775117874146,398.1745300292969,81.94529724121094,0.9921287298202515,358.7040100097656,75.82023620605469,0.9939418435096741,420.8244934082031,103.71089172363281,0.864341139793396,328.719482421875,89.0072021484375,0.9216511845588684,456.3062438964844,223.06182861328125,0.9960240125656128,253.7199249267578,200.2816162109375,0.9961307048797607,498.969970703125,358.6279296875,0.9488368630409241,172.81053161621094,331.47314453125,0.9443702697753906,547.8107299804688,435.7932434082031,0.8002773523330688,178.22779846191406,438.39630126953125,0.8003388047218323,407.7691650390625,476.4145812988281,0.7065715193748474,272.90087890625,468.89404296875,0.7052001953125,456.5892639160156,480.0,0.007675079628825188,254.17372131347656,479.1723327636719,0.006940961349755526,495.1922302246094,480.0,0.0004756037669721991,318.685546875,456.2956237792969,0.00044504168909043074,0
376.05279541015625,95.39324951171875,0.9980707764625549,398.6160583496094,81.44204711914062,0.9924048781394958,358.89117431640625,74.62092590332031,0.9938480257987976,421.4996643066406,105.18362426757812,0.873210608959198,329.0960998535156,88.83699035644531,0.9196126461029053,456.9209289550781,224.98342895507812,0.9960457682609558,253.27796936035156,200.59490966796875,0.9960343241691589,499.69805908203125,360.63348388671875,0.9483116865158081,172.9693603515625,331.4325256347656,0.9423558712005615,547.4678955078125,436.6776123046875,0.798839271068573,180.1031951904297,436.9512939453125,0.7956392765045166,408.4992370605469,478.1033935546875,0.7003539204597473,272.70770263671875,469.9031982421875,0.6968912482261658,458.1259460449219,480.0,0.0073687369003891945,253.27288818359375,479.33905029296875,0.00662275729700923,496.12158203125,480.0,0.00045809123548679054,319.14666748046875,456.70855712890625,0.0004268655029591173,0
374.98834228515625,97.72529602050781,0.998512327671051,397.2723693847656,82.84031677246094,0.9934000968933105,360.0334777832031,76.90684509277344,0.9953349232673645,418.5816650390625,103.38186645507812,0.8676846027374268,332.1420593261719,88.91497802734375,0.9093061089515686,454.1236572265625,220.6868896484375,0.9938433170318604,262.2137451171875,199.07095336914062,0.997780978679657,502.51080322265625,360.4598388671875,0.9460998177528381,189.89373779296875,327.02215576171875,0.9778510928153992,540.9190063476562,434.934814453125,0.8102714419364929,138.68775939941406,434.4056396484375,0.875635027885437,403.5036926269531,476.2247314453125,0.7237949371337891,269.60003662109375,465.26727294921875,0.7939962148666382,445.4787292480469,480.0,0.007030225358903408,201.14369201660156,458.8744201660156,0.008938356302678585,518.048095703125,480.0,0.0004762012104038149,258.9722900390625,444.835693359375,0.0005586026236414909,0
375.2332763671875,97.64474487304688,0.9984717965126038,397.280029296875,82.99819946289062,0.9933701753616333,360.2655944824219,77.29942321777344,0.9952676296234131,418.6468505859375,104.16397094726562,0.8739293217658997,332.77008056640625,90.3863525390625,0.9103872776031494,456.30206298828125,221.39892578125,0.9937722086906433,262.85565185546875,201.12387084960938,0.9979004859924316,505.25494384765625,359.5014343261719,0.9433667063713074,189.1524658203125,328.582275390625,0.9784480333328247,540.7427368164062,432.75823974609375,0.8021141886711121,137.146728515625,434.42230224609375,0.8750576376914978,405.7095947265625,475.71759033203125,0.7325820326805115,271.1143798828125,464.8149108886719,0.8066010475158691,443.9841003417969,480.0,0.007039588410407305,199.58969116210938,462.8158874511719,0.009191487915813923,514.9013061523438,480.0,0.0004578772932291031,257.0196533203125,446.52227783203125,0.0005486766458489001,0
375.9202880859375,96.90376281738281,0.9984545707702637,397.79156494140625,82.75593566894531,0.9933134913444519,360.815673828125,77.14964294433594,0.9951877593994141,418.57562255859375,104.9620361328125,0.8748161196708679,332.7686462402344,91.38644409179688,0.9115390777587891,456.30126953125,222.24867248535156,0.9941384792327881,262.6669921875,201.96853637695312,0.9978475570678711,506.96319580078125,360.04248046875,0.9453405737876892,188.94142150878906,328.2075500488281,0.9766541123390198,540.4609985351562,434.0957336425781,0.8059648871421814,136.634033203125,434.6993408203125,0.8685775399208069,405.71661376953125,476.0165710449219,0.725432276725769,271.72161865234375,465.31683349609375,0.7934515476226807,442.3614807128906,480.0,0.006990116089582443,203.5911407470703,462.1448059082031,0.008719153702259064,512.7026977539062,480.0,0.00045654369750991464,265.052978515625,446.7433776855469,0.0005300727789290249,0
375.25897216796875,97.20993041992188,0.9984729886054993,397.407470703125,82.90504455566406,0.9935064315795898,360.00262451171875,77.745849609375,0.9951253533363342,419.1646728515625,104.9051513671875,0.8793039321899414,332.61663818359375,92.23789978027344,0.9057261347770691,456.2478942871094,220.66314697265625,0.993907630443573,263.6544189453125,200.79139709472656,0.9977626800537109,505.1230163574219,358.86541748046875,0.9456270933151245,190.1862030029297,326.966552734375,0.9766117930412292,541.1646728515625,434.177001953125,0.8062224984169006,136.5019073486328,435.3346862792969,0.866224467754364,403.91705322265625,475.673828125,0.7071083784103394,270.08343505859375,465.056640625,0.7780105471611023,440.1094970703125,480.0,0.006643925327807665,200.3852996826172,455.443115234375,0.00825117714703083,512.1726684570312,480.0,0.0004541507223621011,262.4635925292969,442.7080383300781,0.0005257842713035643,0
374.9883728027344,96.99102783203125,0.9985232949256897,396.9073181152344,82.80514526367188,0.9935757517814636,359.4759521484375,77.87120056152344,0.9954414367675781,418.6414489746094,104.99211120605469,0.8765650391578674,332.0404357910156,92.93869018554688,0.9102979898452759,455.2294921875,220.44004821777344,0.9938005805015564,264.3576965332031,199.90670776367188,0.9978452920913696,503.97174072265625,360.757568359375,0.9436743259429932,190.64752197265625,326.2851867675781,0.9782277345657349,537.8543090820312,436.47265625,0.8032742738723755,139.959716796875,433.2184753417969,0.875124454498291,400.91363525390625,473.9742431640625,0.7223198413848877,267.8077087402344,463.0268859863281,0.796882152557373,436.55499267578125,480.0,0.007184462621808052,198.4307098388672,457.92266845703125,0.009354816749691963,503.8036804199219,480.0,0.0004835341533180326,254.62124633789062,445.6572265625,0.0005720946355722845,0
375.8232116699219,96.78787231445312,0.9973168969154358,397.3119201660156,82.98748779296875,0.9890068769454956,361.4526672363281,78.45223999023438,0.9908756017684937,419.44586181640625,107.95271301269531,0.8489333987236023,335.505126953125,96.04119873046875,0.8548811674118042,456.06707763671875,227.1192626953125,0.9912664294242859,264.0031433105469,207.69915771484375,0.9966139197349548,503.22186279296875,355.6607666015625,0.9580579400062561,193.05166625976562,325.03631591796875,0.9780810475349426,543.6832275390625,432.0161437988281,0.8733121156692505,142.24423217773438,417.8153991699219,0.9048216938972473,398.0030517578125,480.0,0.7848262190818787,261.9809875488281,468.63861083984375,0.8323099613189697,431.4815979003906,480.0,0.0103920204564929,172.59019470214844,458.6874084472656,0.01185458991676569,508.6029357910156,480.0,0.000607255264185369,223.62872314453125,428.11639404296875,0.0006655941833741963,0
373.33251953125,96.10972595214844,0.9985353946685791,395.87933349609375,82.02210998535156,0.993893027305603,358.0530090332031,76.70233154296875,0.9953104853630066,418.33551025390625,104.56936645507812,0.8853330016136169,330.8992614746094,91.4315185546875,0.9047926068305969,455.00238037109375,219.73802185058594,0.9938687682151794,263.3766784667969,198.79510498046875,0.9977561831474304,505.045166015625,359.5128173828125,0.9450881481170654,190.6356201171875,325.27435302734375,0.9772847890853882,541.0703125,435.06072998046875,0.80930495262146,139.7734375,433.27911376953125,0.8722279071807861,402.4177551269531,474.1282043457031,0.7102916240692139,268.816162109375,463.147705078125,0.7831324934959412,437.51531982421875,480.0,0.006843969225883484,198.0450439453125,455.4027404785156,0.008713183924555779,506.0264892578125,480.0,0.000464793061837554,257.00262451171875,444.78955078125,0.0005437647923827171,0
373.5146179199219,95.71343994140625,0.9970128536224365,396.0428771972656,82.09686279296875,0.9887018203735352,359.3426818847656,77.53533935546875,0.9894186854362488,420.2502746582031,108.32017517089844,0.8645303249359131,334.3904724121094,96.16632080078125,0.8317967057228088,457.7175598144531,227.5916748046875,0.9906626343727112,263.7358093261719,208.4027557373047,0.9964247345924377,505.4853515625,355.1551208496094,0.9549306035041809,193.92982482910156,325.2288818359375,0.9768638014793396,543.1594848632812,430.36328125,0.8692832589149475,144.07884216308594,417.11151123046875,0.899424135684967,397.535888671875,480.0,0.7800808548927307,260.4361877441406,469.4073486328125,0.8304985761642456,424.2597961425781,480.0,0.010146749205887318,167.10545349121094,460.638671875,0.011688151396811008,501.2754211425781,480.0,0.0005977716646157205,223.5350799560547,428.1676025390625,0.0006617901381105185,0
374.9349670410156,94.39158630371094,0.9980025887489319,396.3897705078125,80.91603088378906,0.9925858378410339,357.0831298828125,75.78242492675781,0.9932560920715332,420.00408935546875,104.90458679199219,0.8896094560623169,329.1683044433594,92.60629272460938,0.9117580652236938,458.7248840332031,221.59616088867188,0.9962856769561768,257.1241149902344,197.47744750976562,0.9960628151893616,498.0226745605469,355.96881103515625,0.9536083936691284,176.38082885742188,323.56390380859375,0.9460482597351074,552.6351318359375,435.55499267578125,0.8051668405532837,181.5714569091797,434.6238098144531,0.7924486398696899,405.980224609375,472.48455810546875,0.7344993352890015,270.771728515625,462.9305114746094,0.7293300032615662,446.27349853515625,480.0,0.008192666806280613,241.49880981445312,474.4909362792969,0.007207146845757961,485.19586181640625,480.0,0.00047457238542847335,301.42626953125,450.7304382324219,0.00043908320367336273,0
374.9349670410156,94.39158630371094,0.9980025887489319,396.3897705078125,80.91603088378906,0.9925858378410339,357.0831298828125,75.78242492675781,0.9932560920715332,420.00408935546875,104.90458679199219,0.8896094560623169,329.1683044433594,92.60629272460938,0.9117580652236938,458.7248840332031,221.59616088867188,0.9962856769561768,257.1241149902344,197.47744750976562,0.9960628151893616,498.0226745605469,355.96881103515625,0.9536083936691284,176.38082885742188,323.56390380859375,0.9460482597351074,552.6351318359375,435.55499267578125,0.8051668405532837,181.5714569091797,434.6238098144531,0.7924486398696899,405.980224609375,472.48455810546875,0.7344993352890015,270.771728515625,462.9305114746094,0.7293300032615662,446.27349853515625,480.0,0.008192666806280613,241.49880981445312,474.4909362792969,0.007207146845757961,485.19586181640625,480.0,0.00047457238542847335,301.42626953125,450.7304382324219,0.00043908320367336273,0
374.6783752441406,94.13534545898438,0.9980124235153198,396.1427917480469,80.92390441894531,0.992188572883606,356.9273376464844,75.60595703125,0.9935855269432068,419.2817077636719,105.36029052734375,0.8822908401489258,328.4770202636719,92.54220581054688,0.9197574257850647,458.2564697265625,222.2652130126953,0.996290922164917,255.96986389160156,197.98741149902344,0.9964391589164734,499.33160400390625,357.39752197265625,0.9512031078338623,176.99008178710938,324.84661865234375,0.9502947330474854,551.7992553710938,437.0395202636719,0.7963700890541077,183.06887817382812,437.1310119628906,0.8001202344894409,406.8289794921875,472.91748046875,0.7390493750572205,271.53131103515625,463.5062255859375,0.7439929842948914,446.4820556640625,480.0,0.00817453395575285,243.91175842285156,478.2850341796875,0.007580379024147987,485.9704895019531,480.0,0.00046520709292963147,307.3070983886719,454.13665771484375,0.0004452466091606766,0
373.9515380859375,96.54243469238281,0.9974762797355652,395.88165283203125,82.71994018554688,0.990014910697937,358.902587890625,78.57568359375,0.9915841817855835,418.9520263671875,108.64422607421875,0.8653054237365723,332.59326171875,97.72343444824219,0.8613005876541138,457.44390869140625,227.91041564941406,0.9914382696151733,262.14703369140625,209.9237060546875,0.9967787861824036,505.8984069824219,354.21466064453125,0.9561240673065186,193.60708618164062,325.7086181640625,0.9781489372253418,543.5275268554688,431.4337158203125,0.8681917190551758,143.72096252441406,418.3043518066406,0.9020786285400391,398.40240478515625,480.0,0.7875062823295593,260.1887512207031,470.0266418457031,0.8373814821243286,428.885498046875,480.0,0.010141845792531967,167.409912109375,461.03436279296875,0.011758106760680676,506.3997802734375,480.0,0.0005877807270735502,221.4458770751953,428.99951171875,0.000653933035209775,0
374.2519226074219,95.90029907226562,0.9985320568084717,396.11846923828125,82.19691467285156,0.9936015009880066,358.0563659667969,77.70535278320312,0.9955164790153503,417.6820983886719,106.31486511230469,0.8795098066329956,329.7662353515625,95.32673645019531,0.9138380885124207,456.75030517578125,221.75680541992188,0.9940170049667358,262.0658874511719,202.56857299804688,0.9978582262992859,507.3729248046875,359.2127685546875,0.9454588294029236,191.1309356689453,326.3141174316406,0.9781621694564819,542.1027221679688,435.615478515625,0.8072876930236816,139.3146209716797,434.16717529296875,0.8736763000488281,403.70904541015625,475.5574951171875,0.7282979488372803,268.0419006347656,464.9595947265625,0.7998487949371338,438.44482421875,480.0,0.007048991043120623,195.6529083251953,459.10986328125,0.009020189754664898,510.0234680175781,480.0,0.0004573054611682892,256.2934265136719,448.49566650390625,0.0005378794739954174,0
374.5893249511719,97.00942993164062,0.9985182881355286,396.2237548828125,82.54899597167969,0.9932817220687866,358.71563720703125,78.00262451171875,0.9955405592918396,417.3891296386719,104.27220153808594,0.8699095845222473,330.527587890625,93.10284423828125,0.9151155352592468,455.765380859375,219.52304077148438,0.9936531782150269,262.699951171875,200.40972900390625,0.9978825449943542,505.3433837890625,357.95855712890625,0.9426512122154236,191.99368286132812,325.6083984375,0.978674054145813,540.3561401367188,434.5948486328125,0.7999258637428284,138.260986328125,434.10247802734375,0.8750207424163818,403.4896545410156,474.8041687011719,0.706552267074585,269.0171813964844,464.1781005859375,0.7872796654701233,438.948486328125,480.0,0.006631644442677498,197.52886962890625,454.2919006347656,0.008694254793226719,511.89764404296875,480.0,0.00045388416037894785,258.69970703125,442.9876403808594,0.0005442646215669811,0
378.5736083984375,94.39588928222656,0.997927188873291,399.62860107421875,81.54154968261719,0.9918063879013062,361.073486328125,75.71083068847656,0.9934845566749573,421.1908874511719,106.21986389160156,0.8721053004264832,331.6242980957031,92.38949584960938,0.9231720566749573,459.6640930175781,223.34800720214844,0.9961779117584229,256.0129089355469,199.26956176757812,0.9960839748382568,499.73345947265625,358.32269287109375,0.9488245248794556,175.288330078125,327.34759521484375,0.9413790702819824,549.4038696289062,436.3764953613281,0.7886678576469421,181.55227661132812,433.74407958984375,0.7823001146316528,408.96441650390625,474.69775390625,0.705948531627655,273.3608093261719,465.567626953125,0.7006956934928894,451.9817810058594,480.0,0.007666621822863817,249.75067138671875,473.613037109375,0.006724097765982151,489.78466796875,480.0,0.00046828098129481077,315.15203857421875,450.8816223144531,0.00043194289901293814,0
377.19573974609375,97.23954772949219,0.9985164999961853,399.40460205078125,83.09368896484375,0.9933876991271973,361.400634765625,77.69871520996094,0.9954498410224915,420.80633544921875,105.99299621582031,0.8660849928855896,332.8583679199219,92.92121887207031,0.9123994708061218,456.63519287109375,222.14712524414062,0.9933925271034241,264.473388671875,201.81259155273438,0.997718334197998,504.917724609375,360.1011047363281,0.9409215450286865,191.50555419921875,328.04620361328125,0.9766101837158203,541.9132690429688,434.2921142578125,0.8011813163757324,138.83273315429688,436.08966064453125,0.8719030618667603,405.5584716796875,477.05560302734375,0.6799388527870178,272.03173828125,466.61846923828125,0.7602527737617493,443.7566833496094,480.0,0.006281637120991945,205.6700439453125,453.20501708984375,0.008076494559645653,511.67193603515625,480.0,0.00044918013736605644,265.4844665527344,443.5064392089844,0.0005304392543621361,0
379.02325439453125,94.77162170410156,0.9979810118675232,400.28564453125,81.29119873046875,0.9921013712882996,361.88311767578125,75.30055236816406,0.9935139417648315,422.0729675292969,104.78900146484375,0.8741005063056946,332.93310546875,90.44548034667969,0.9198293089866638,459.58416748046875,223.20135498046875,0.996046245098114,257.5579528808594,198.721923828125,0.9960605502128601,499.5196533203125,359.0354919433594,0.9487585425376892,175.79090881347656,327.6153564453125,0.9430051445960999,550.1614990234375,435.85296630859375,0.7968330979347229,182.39956665039062,432.43115234375,0.7940433025360107,409.0487365722656,475.1822814941406,0.7055954933166504,274.35693359375,465.9962158203125,0.703590452671051,450.82354736328125,480.0,0.007776789367198944,247.81068420410156,475.17095947265625,0.006922245491296053,488.9354553222656,480.0,0.0004744809994008392,310.33270263671875,453.32666015625,0.0004402231425046921,0
379.37835693359375,99.42936706542969,0.9970600008964539,400.6303405761719,85.27239990234375,0.9869768023490906,364.6969909667969,80.71484375,0.9908908009529114,421.5089416503906,109.49310302734375,0.8169880509376526,337.0979309082031,97.47221374511719,0.8676276206970215,457.1766357421875,229.04446411132812,0.9900874495506287,263.96307373046875,209.0821533203125,0.9965968728065491,503.88671875,357.00311279296875,0.9519780874252319,193.45091247558594,326.0264892578125,0.9781971573829651,542.914306640625,430.63751220703125,0.8594495058059692,144.86874389648438,418.0977783203125,0.9037182331085205,397.29833984375,480.0,0.776055097579956,260.6566467285156,470.21356201171875,0.8321350812911987,428.1015319824219,480.0,0.009818796999752522,169.6997833251953,461.35894775390625,0.011621019802987576,506.399169921875,480.0,0.0005924873985350132,222.28887939453125,426.75146484375,0.0006617677863687277,0
380.157470703125,99.12031555175781,0.9985334873199463,402.03485107421875,85.16802978515625,0.9929846525192261,364.6075439453125,79.34762573242188,0.9957114458084106,422.15838623046875,108.03254699707031,0.8477497100830078,335.162841796875,94.0206298828125,0.9193098545074463,455.97723388671875,224.56607055664062,0.9934701919555664,265.03179931640625,202.51016235351562,0.9977816939353943,505.200927734375,360.75299072265625,0.9425062537193298,190.4901885986328,326.7244567871094,0.9781180024147034,540.9837036132812,433.5474853515625,0.8092186450958252,139.32496643066406,435.2652587890625,0.880582332611084,399.0810241699219,476.568115234375,0.7192915678024292,266.1735534667969,465.0401611328125,0.793226957321167,435.6792297363281,480.0,0.0071849524974823,197.42709350585938,459.2317810058594,0.009280964732170105,499.1326599121094,480.0,0.00048774550668895245,249.69627380371094,446.427978515625,0.0005694745923392475,0
379.8727722167969,99.96458435058594,0.9985533356666565,401.6811828613281,85.5938720703125,0.9931311011314392,364.5311584472656,79.79867553710938,0.995681643486023,421.9832763671875,107.13601684570312,0.8501635789871216,335.5395812988281,93.19981384277344,0.9157400131225586,456.2315673828125,223.5452423095703,0.9933371543884277,265.76983642578125,201.50106811523438,0.9977396726608276,505.140869140625,361.023681640625,0.9424214959144592,191.01602172851562,326.67620849609375,0.978230357170105,539.11865234375,433.14459228515625,0.8122438192367554,139.69252014160156,434.76080322265625,0.8827887177467346,399.888671875,477.00677490234375,0.7042838335037231,267.130615234375,465.3818359375,0.781751811504364,437.05181884765625,480.0,0.006874192971736193,197.7167510986328,455.59613037109375,0.00891263410449028,500.28131103515625,480.0,0.0004795602580998093,249.04931640625,444.4252624511719,0.0005619857693091035,0
380.0118408203125,100.10662841796875,0.9985565543174744,401.73931884765625,85.51885986328125,0.9931458234786987,364.3789978027344,79.98895263671875,0.9957345128059387,422.067626953125,106.83995056152344,0.8494124412536621,335.0836181640625,93.48878479003906,0.9173718690872192,456.60675048828125,223.06199645996094,0.9933761954307556,265.3826904296875,201.42124938964844,0.9977784752845764,505.1268310546875,360.3894348144531,0.9431687593460083,190.19580078125,326.2525939941406,0.978712797164917,539.696533203125,433.89019775390625,0.8125444650650024,139.84817504882812,433.458984375,0.8847009539604187,400.3616943359375,476.62689208984375,0.7173850536346436,266.8863525390625,465.1154479980469,0.7931520342826843,436.7984619140625,480.0,0.007062815595418215,195.41415405273438,457.53387451171875,0.00916509609669447,500.8709716796875,480.0,0.0004830741963814944,246.0657958984375,445.06280517578125,0.0005659640883095562,0
380.1885681152344,99.90240478515625,0.998556911945343,402.09161376953125,85.40744018554688,0.9932559728622437,364.604736328125,79.94520568847656,0.9956536293029785,422.7327880859375,106.98971557617188,0.8542454242706299,335.5726623535156,93.70394897460938,0.9147955179214478,456.76226806640625,223.3680419921875,0.9934965372085571,266.1485595703125,201.2230224609375,0.9977684020996094,504.64190673828125,360.95513916015625,0.9445372223854065,190.61944580078125,325.4294128417969,0.9783932566642761,539.6661376953125,433.02056884765625,0.81556236743927,139.35897827148438,434.7020263671875,0.8820874094963074,400.849365234375,477.4690246582031,0.7161200046539307,267.7603454589844,465.978759765625,0.7900069355964661,437.05255126953125,480.0,0.006930763833224773,197.30174255371094,458.091064453125,0.008841829374432564,504.4266357421875,480.0,0.0004737807030323893,251.24264526367188,445.12225341796875,0.0005496072699315846,0
380.6634216308594,101.58229064941406,0.9974103569984436,402.04559326171875,87.2222900390625,0.9882408380508423,366.0339050292969,82.30145263671875,0.9921139478683472,422.67828369140625,110.08547973632812,0.8240889310836792,337.8974609375,97.30241394042969,0.8795162439346313,457.7273254394531,228.882080078125,0.9909692406654358,264.6131286621094,207.92324829101562,0.9969972372055054,505.9421691894531,357.6904296875,0.9526318311691284,193.34246826171875,325.77081298828125,0.9797165989875793,542.9354858398438,429.86627197265625,0.8599981069564819,143.62017822265625,417.7550964355469,0.9064755439758301,393.56256103515625,480.0,0.786815345287323,257.47314453125,468.5298767089844,0.8430444002151489,418.9830627441406,480.0,0.01009028684347868,164.15438842773438,462.66851806640625,0.012109281495213509,490.9955749511719,480.0,0.0005880483076907694,213.09622192382812,426.666259765625,0.00065871566766873,0
380.9120178222656,99.79525756835938,0.9985253214836121,402.60028076171875,85.27183532714844,0.9927651286125183,365.11602783203125,79.832275390625,0.9957641363143921,422.9181213378906,106.58854675292969,0.8404294848442078,335.56817626953125,93.42324829101562,0.9187839031219482,457.23822021484375,222.19085693359375,0.9930408000946045,266.3673095703125,199.62977600097656,0.9978466033935547,503.93292236328125,361.1309509277344,0.9405978322029114,191.7545928955078,324.42462158203125,0.9801605343818665,538.9287719726562,433.70831298828125,0.8058377504348755,139.6680450439453,432.72735595703125,0.8886063098907471,399.6016845703125,474.24896240234375,0.7212672829627991,266.1378173828125,462.04046630859375,0.8034997582435608,434.0019226074219,480.0,0.007396723609417677,192.00396728515625,454.6708068847656,0.00998914334923029,497.7675476074219,480.0,0.0005059834220446646,240.54493713378906,443.0777587890625,0.00060757074970752,0
380.8029479980469,99.43336486816406,0.998543381690979,402.7467956542969,85.26889038085938,0.9929053783416748,365.2500305175781,79.39802551269531,0.9957905411720276,422.92462158203125,107.29667663574219,0.8452845215797424,335.6240234375,93.10566711425781,0.9199443459510803,457.31634521484375,223.23110961914062,0.9933075308799744,265.3516540527344,200.18841552734375,0.9978834986686707,504.599365234375,361.6900329589844,0.9415739178657532,191.37423706054688,325.3209533691406,0.9798785448074341,539.2069091796875,434.22705078125,0.8063779473304749,139.29042053222656,435.07171630859375,0.8855709433555603,399.5384521484375,476.04217529296875,0.7219485640525818,265.509765625,463.57012939453125,0.8021695017814636,433.6904296875,480.0,0.007243708241730928,191.14515686035156,456.2681884765625,0.009654592722654343,497.6871643066406,480.0,0.0004905255045741796,241.9462890625,444.8677978515625,0.0005849918816238642,0
380.8284912109375,100.19894409179688,0.9985587000846863,402.59405517578125,85.6124267578125,0.9930184483528137,364.9856262207031,80.10459899902344,0.995790958404541,422.856689453125,107.28114318847656,0.8447110056877136,335.2279968261719,93.99531555175781,0.9195242524147034,457.76019287109375,223.7579803466797,0.9932799935340881,265.5029602050781,202.45745849609375,0.9978150129318237,506.518798828125,359.84088134765625,0.9419596791267395,190.84095764160156,326.58154296875,0.9788944721221924,541.4351196289062,432.9918212890625,0.8098909258842468,138.64138793945312,436.4490966796875,0.8840271830558777,402.4602966308594,477.056396484375,0.707868754863739,268.55926513671875,465.7109069824219,0.7873601913452148,438.6082763671875,480.0,0.006823140662163496,197.1461181640625,455.7314453125,0.008921935223042965,503.923583984375,480.0,0.00047373055713251233,249.8275146484375,443.62109375,0.0005597583949565887,0
380.5238037109375,99.87577819824219,0.9985547661781311,402.2103271484375,85.5684814453125,0.993089497089386,364.5459289550781,80.33180236816406,0.9958187937736511,422.36962890625,108.06440734863281,0.8475698232650757,334.8003845214844,95.35406494140625,0.9205955862998962,457.5459899902344,224.69866943359375,0.9931706190109253,265.18798828125,203.6952362060547,0.9977613687515259,505.96551513671875,360.52117919921875,0.9393261671066284,190.61483764648438,326.98004150390625,0.9775406718254089,541.7384033203125,433.88372802734375,0.8004602193832397,138.36146545410156,435.47613525390625,0.8768665790557861,402.3908386230469,477.7995910644531,0.691757082939148,268.60211181640625,466.599609375,0.7736589312553406,436.7205810546875,480.0,0.006437001284211874,196.95567321777344,455.7938537597656,0.008338797837495804,504.138916015625,480.0,0.0004555796622298658,252.83311462402344,443.0135498046875,0.0005352017469704151,0
380.1805725097656,100.25395202636719,0.9984945058822632,402.1614990234375,85.78996276855469,0.9928737878799438,364.60040283203125,80.11515808105469,0.9955755472183228,422.75238037109375,107.01547241210938,0.8494595885276794,335.276123046875,93.22792053222656,0.9169718623161316,457.1581115722656,222.07318115234375,0.993489146232605,265.27838134765625,199.87860107421875,0.997836172580719,504.74517822265625,361.04241943359375,0.9431253671646118,190.96934509277344,325.93988037109375,0.9789555072784424,540.3904418945312,434.900390625,0.8068551421165466,139.10504150390625,434.7008056640625,0.8814007043838501,400.2411193847656,473.5326843261719,0.7251895070075989,266.646240234375,461.7166442871094,0.8002582788467407,435.596435546875,480.0,0.0074632251635193825,195.46080017089844,456.4078063964844,0.009746633470058441,499.5787048339844,480.0,0.0005004200502298772,247.23471069335938,444.58367919921875,0.0005899696843698621,0
290.17169189453125,95.34841918945312,0.998250424861908,307.7442626953125,79.09449768066406,0.9927710890769958,269.1922607421875,79.61798095703125,0.9941413998603821,328.83367919921875,101.09327697753906,0.8577365875244141,238.28590393066406,102.76382446289062,0.9149777293205261,381.81817626953125,204.05465698242188,0.9953268766403198,194.3048095703125,227.597900390625,0.9968435764312744,468.32080078125,318.7978515625,0.9520115852355957,152.92942810058594,371.21282958984375,0.957790732383728,523.63818359375,422.5023498535156,0.8108342885971069,130.1060028076172,441.8805236816406,0.8381543755531311,402.7578430175781,452.5794982910156,0.6802782416343689,276.23126220703125,467.42889404296875,0.6958771347999573,466.7444763183594,465.52099609375,0.008277643471956253,260.1630859375,459.0476989746094,0.008953401818871498,510.1632080078125,480.0,0.0005847173742949963,329.2571716308594,447.58367919921875,0.0006510981475003064,0
289.550537109375,95.06632995605469,0.9982604384422302,307.1183166503906,78.97117614746094,0.9929702877998352,268.7352600097656,79.48028564453125,0.9940730929374695,328.46527099609375,100.9556884765625,0.8638442754745483,238.48521423339844,102.62992858886719,0.911637544631958,381.9336242675781,203.2609100341797,0.9953272342681885,194.83444213867188,226.2527313232422,0.9967851638793945,468.08917236328125,318.051513671875,0.9532764554023743,153.09523010253906,369.13641357421875,0.9587399959564209,523.9827880859375,423.2692565917969,0.814344048500061,129.87982177734375,441.95391845703125,0.8401522636413574,402.1015930175781,451.9049987792969,0.682516872882843,275.39068603515625,466.34210205078125,0.6977227926254272,466.8656005859375,462.8800354003906,0.008403277024626732,257.5768737792969,455.9319152832031,0.009099115617573261,510.1836242675781,480.0,0.0006010944489389658,324.5554504394531,446.1910400390625,0.0006701464299112558,0
290.2720031738281,95.17079162597656,0.9982650876045227,307.5848083496094,78.5662841796875,0.9927979111671448,269.33905029296875,79.37164306640625,0.9941328167915344,328.64483642578125,100.05805969238281,0.8586063385009766,238.9349365234375,102.40647888183594,0.913552463054657,382.2952880859375,204.79409790039062,0.9953452944755554,194.79713439941406,227.81198120117188,0.9967954754829407,467.18426513671875,320.52496337890625,0.95235675573349,154.47134399414062,370.89776611328125,0.9576858878135681,524.2589111328125,425.9667053222656,0.811120867729187,129.58326721191406,443.7745361328125,0.8366708159446716,400.53729248046875,453.11492919921875,0.6731729507446289,273.98114013671875,467.244873046875,0.688348650932312,464.3092956542969,462.87420654296875,0.008506382815539837,255.14151000976562,454.2059631347656,0.009159130975604057,510.6481018066406,480.0,0.0006293095066212118,323.13665771484375,444.0867919921875,0.0007005795487202704,0
289.8937683105469,95.43374633789062,0.9982471466064453,307.8457946777344,79.28602600097656,0.9929518103599548,269.2266540527344,79.49732971191406,0.9941463470458984,329.5149841308594,101.78921508789062,0.8659056425094604,239.36422729492188,102.74031066894531,0.9129703640937805,382.64764404296875,206.552001953125,0.9950657486915588,194.78805541992188,228.66644287109375,0.9968100190162659,468.358642578125,322.5209045410156,0.947604238986969,153.49990844726562,372.6885070800781,0.9570857882499695,524.7025146484375,424.939697265625,0.7980964183807373,129.4804229736328,442.9130859375,0.8333052396774292,400.52496337890625,454.27532958984375,0.6479336023330688,273.8809814453125,468.13287353515625,0.6704918742179871,465.1771240234375,461.9092102050781,0.007690252270549536,256.6637878417969,453.5201721191406,0.008608846925199032,508.0723876953125,479.9974365234375,0.0005841864622198045,324.987548828125,442.9440612792969,0.0006673049065284431,0
290.56634521484375,95.92713928222656,0.9982808828353882,308.2851257324219,79.10958862304688,0.9928529858589172,269.693603515625,79.68742370605469,0.994355320930481,329.7635498046875,100.38766479492188,0.8585630059242249,239.25636291503906,102.1578369140625,0.9156524538993835,383.0869140625,205.4246368408203,0.9950711727142334,194.51089477539062,228.03378295898438,0.9969053864479065,467.95782470703125,321.253662109375,0.9493868947029114,153.4803466796875,371.48895263671875,0.9599727988243103,522.85693359375,425.28704833984375,0.8067803382873535,129.88970947265625,442.0935974121094,0.844819962978363,400.04730224609375,455.00994873046875,0.6763575673103333,272.35858154296875,468.8093566894531,0.7012064456939697,464.26300048828125,465.87646484375,0.008409891277551651,251.5572052001953,456.9283142089844,0.009481368586421013,509.7977600097656,480.0,0.0006264365511015058,318.43035888671875,445.9624328613281,0.0007175430655479431,0
290.56634521484375,95.92713928222656,0.9982808828353882,308.2851257324219,79.10958862304688,0.9928529858589172,269.693603515625,79.68742370605469,0.994355320930481,329.7635498046875,100.38766479492188,0.8585630059242249,239.25636291503906,102.1578369140625,0.9156524538993835,383.0869140625,205.4246368408203,0.9950711727142334,194.51089477539062,228.03378295898438,0.9969053864479065,467.95782470703125,321.253662109375,0.9493868947029114,153.4803466796875,371.48895263671875,0.9599727988243103,522.85693359375,425.28704833984375,0.8067803382873535,129.88970947265625,442.0935974121094,0.844819962978363,400.04730224609375,455.00994873046875,0.6763575673103333,272.35858154296875,468.8093566894531,0.7012064456939697,464.26300048828125,465.87646484375,0.008409891277551651,251.5572052001953,456.9283142089844,0.009481368586421013,509.7977600097656,480.0,0.0006264365511015058,318.43035888671875,445.9624328613281,0.0007175430655479431,0
290.03125,95.79060363769531,0.9982947707176208,307.77545166015625,79.22761535644531,0.9929080009460449,268.83636474609375,79.80398559570312,0.9944837689399719,329.29974365234375,101.48542785644531,0.8557175993919373,237.94247436523438,103.29652404785156,0.916201114654541,383.0877990722656,206.77125549316406,0.9948744177818298,193.55624389648438,228.3927459716797,0.9967381358146667,468.0523681640625,321.6640930175781,0.9485445022583008,152.72911071777344,369.7474670410156,0.9597147107124329,524.1459350585938,425.44561767578125,0.8072203993797302,130.47952270507812,442.5210266113281,0.8458567261695862,399.77679443359375,454.9285583496094,0.6749051213264465,270.9072265625,468.2408447265625,0.7002730369567871,464.00616455078125,465.8048095703125,0.008254931308329105,246.83824157714844,456.5456237792969,0.009324206970632076,510.04473876953125,480.0,0.0006173065630719066,311.2983703613281,445.3994140625,0.0007060502539388835,0
290.541015625,96.10342407226562,0.998320996761322,307.44805908203125,79.22579956054688,0.9924154281616211,268.97357177734375,80.32522583007812,0.994659960269928,327.9345397949219,100.67301940917969,0.8398972153663635,236.96047973632812,103.84242248535156,0.9224920868873596,383.291259765625,206.40248107910156,0.9951602816581726,192.92901611328125,229.25584411621094,0.996971607208252,468.7568664550781,322.0391845703125,0.9488490223884583,153.7566680908203,371.0302429199219,0.9606128931045532,521.53857421875,424.58319091796875,0.8052611351013184,129.1510772705078,443.77032470703125,0.8459851741790771,401.7425231933594,456.4334716796875,0.6755245923995972,273.0137023925781,469.9563293457031,0.7025907635688782,463.43804931640625,468.98309326171875,0.008043662644922733,250.67425537109375,458.26507568359375,0.009031846188008785,511.2239990234375,480.0,0.0005835707415826619,318.8594055175781,445.40802001953125,0.0006677833152934909,0
290.0141906738281,96.205810546875,0.9983519315719604,307.26141357421875,79.65914916992188,0.9924707412719727,268.24822998046875,80.4384765625,0.9947734475135803,328.01690673828125,101.91488647460938,0.8323776721954346,235.80209350585938,104.37388610839844,0.9224825501441956,381.39984130859375,205.86622619628906,0.9948615431785583,193.56021118164062,229.88397216796875,0.9969173669815063,469.3738098144531,318.9722900390625,0.9477519989013672,153.8101348876953,371.85003662109375,0.9616640210151672,524.8892211914062,422.0234069824219,0.8107408881187439,130.0736846923828,442.4986572265625,0.8568775057792664,402.7467041015625,454.86920166015625,0.6752676367759705,275.53472900390625,469.6021423339844,0.7053622603416443,465.53289794921875,466.00958251953125,0.008334162645041943,256.26806640625,459.6148986816406,0.00962879043072462,506.21417236328125,480.0,0.0006078520091250539,320.22186279296875,448.26495361328125,0.0007042629877105355,0
290.2112121582031,96.07600402832031,0.9983162879943848,307.65289306640625,79.65724182128906,0.9925063252449036,268.9376525878906,80.11993408203125,0.994545578956604,328.4909973144531,101.75126647949219,0.8418906927108765,237.2473602294922,103.33921813964844,0.9211320877075195,381.4080810546875,205.97003173828125,0.9951696991920471,193.89862060546875,228.83551025390625,0.9970209002494812,468.3719482421875,319.986572265625,0.9498645067214966,153.7096710205078,371.2468566894531,0.9615747332572937,525.2870483398438,422.7303466796875,0.8107062578201294,130.00332641601562,442.14532470703125,0.8526692390441895,402.427001953125,454.22845458984375,0.6844319701194763,275.83740234375,468.599609375,0.7107864618301392,465.6822814941406,466.3978271484375,0.008673472329974174,258.3087158203125,459.03546142578125,0.009883522056043148,508.2359313964844,480.0,0.000626437715254724,325.04541015625,447.47137451171875,0.0007215806981548667,0
289.0224609375,96.16055297851562,0.9982978701591492,306.8048095703125,79.65115356445312,0.9928427934646606,267.50677490234375,80.25297546386719,0.9943899512290955,328.4783935546875,102.00628662109375,0.8557093143463135,236.2117919921875,103.91046142578125,0.9176139235496521,382.2594909667969,206.2213897705078,0.9951908588409424,193.48146057128906,229.50558471679688,0.9969942569732666,469.12310791015625,321.15386962890625,0.9489687085151672,152.61439514160156,372.8452453613281,0.960119366645813,525.6152954101562,422.7833251953125,0.8053989410400391,129.8466033935547,442.6192932128906,0.8458432555198669,404.42864990234375,453.97509765625,0.6813718676567078,277.11126708984375,468.6302490234375,0.7071399688720703,467.1029052734375,468.3155517578125,0.008318783715367317,259.6123962402344,461.51898193359375,0.00946301594376564,509.3268127441406,480.0,0.0005858567892573774,327.21282958984375,449.1307373046875,0.0006760229589417577,0
289.0224609375,96.16055297851562,0.9982978701591492,306.8048095703125,79.65115356445312,0.9928427934646606,267.50677490234375,80.25297546386719,0.9943899512290955,328.4783935546875,102.00628662109375,0.8557093143463135,236.2117919921875,103.91046142578125,0.9176139235496521,382.2594909667969,206.2213897705078,0.9951908588409424,193.48146057128906,229.50558471679688,0.9969942569732666,469.12310791015625,321.15386962890625,0.9489687085151672,152.61439514160156,372.8452453613281,0.960119366645813,525.6152954101562,422.7833251953125,0.8053989410400391,129.8466033935547,442.6192932128906,0.8458432555198669,404.42864990234375,453.97509765625,0.6813718676567078,277.11126708984375,468.6302490234375,0.7071399688720703,467.1029052734375,468.3155517578125,0.008318783715367317,259.6123962402344,461.51898193359375,0.00946301594376564,509.3268127441406,480.0,0.0005858567892573774,327.21282958984375,449.1307373046875,0.0006760229589417577,0
289.8910217285156,95.839599609375,0.9983505010604858,307.1549377441406,79.10810852050781,0.9927501678466797,268.4844665527344,79.92924499511719,0.99457186460495,327.9954528808594,100.79595947265625,0.8419041037559509,236.86959838867188,103.18014526367188,0.9189721941947937,380.87225341796875,204.83871459960938,0.9950992465019226,193.37982177734375,229.2620391845703,0.996871292591095,467.7577819824219,319.6907653808594,0.9511611461639404,152.1875762939453,373.9241943359375,0.9601834416389465,526.0809326171875,422.71185302734375,0.8173334002494812,130.50396728515625,441.76385498046875,0.8531006574630737,401.9375,455.577880859375,0.6750541925430298,274.85650634765625,470.76806640625,0.6966075301170349,465.980224609375,464.7001953125,0.008314371109008789,255.41673278808594,458.7644958496094,0.0092369569465518,508.09698486328125,480.0,0.0006035385304130614,319.8183288574219,448.42889404296875,0.0006812418578192592,0
289.5238037109375,95.49090576171875,0.9982922673225403,307.314453125,78.82244873046875,0.9932214021682739,268.5675048828125,79.54075622558594,0.994121253490448,329.0830383300781,100.66389465332031,0.868172824382782,238.54052734375,102.73979187011719,0.9103012681007385,382.7069396972656,204.89122009277344,0.995339035987854,194.2501678466797,229.02291870117188,0.9968302845954895,467.68609619140625,320.90618896484375,0.9535840153694153,152.99998474121094,374.881591796875,0.9587122201919556,526.6961669921875,423.1082763671875,0.8195403814315796,129.99961853027344,442.26031494140625,0.8431223034858704,400.9942321777344,454.59405517578125,0.687062680721283,273.07440185546875,469.18505859375,0.7020177841186523,464.7018737792969,465.5072021484375,0.008748423308134079,249.88961791992188,457.7589111328125,0.009444896131753922,509.62567138671875,480.0,0.0006294879713095725,314.8844299316406,447.07086181640625,0.0007013962604105473,0
289.92620849609375,96.21372985839844,0.9983035326004028,307.26495361328125,78.92733764648438,0.9927753210067749,268.54071044921875,80.08091735839844,0.994377076625824,328.5373840332031,99.5625,0.8489174842834473,237.36984252929688,102.62353515625,0.9160647988319397,381.62408447265625,203.7039337158203,0.9951019287109375,194.02566528320312,228.6481475830078,0.9968414306640625,467.54302978515625,319.45965576171875,0.9510208964347839,152.95982360839844,373.4647521972656,0.9593555927276611,524.5706787109375,424.76239013671875,0.8149142265319824,131.12557983398438,442.25506591796875,0.8491748571395874,401.7860107421875,452.51531982421875,0.6793248653411865,274.89990234375,467.889404296875,0.700109601020813,465.1165771484375,463.6708679199219,0.008740165270864964,255.25096130371094,458.3446350097656,0.009689382277429104,508.8067626953125,480.0,0.0006327921291813254,320.15814208984375,448.5032043457031,0.0007135719060897827,0
288.7275695800781,95.52313232421875,0.9982603192329407,306.821533203125,78.73370361328125,0.99326092004776,267.44873046875,79.6754150390625,0.9940503239631653,329.1815490722656,100.66383361816406,0.869673490524292,237.23818969726562,103.29005432128906,0.9067206978797913,382.22381591796875,203.5702667236328,0.995058536529541,194.3302764892578,228.81300354003906,0.9966051578521729,467.06842041015625,319.15899658203125,0.9518943428993225,153.8148193359375,374.32916259765625,0.9567151069641113,523.1130981445312,423.8026123046875,0.8161978721618652,130.3085479736328,442.6211242675781,0.8388708829879761,400.4079895019531,452.1316833496094,0.674555242061615,272.6618957519531,467.32403564453125,0.6890221238136292,464.73712158203125,462.7311706542969,0.008450979366898537,251.0110321044922,457.09661865234375,0.009118301793932915,508.031494140625,480.0,0.0006164319929666817,315.36712646484375,447.0906982421875,0.0006844123126938939,0
289.25018310546875,96.00607299804688,0.9983269572257996,307.2301025390625,78.91020202636719,0.9931976795196533,267.4305114746094,80.14329528808594,0.9944025874137878,329.46221923828125,100.54563903808594,0.8588321805000305,236.26654052734375,103.87052917480469,0.9107708930969238,382.5550537109375,202.9004669189453,0.994797945022583,194.26181030273438,228.45448303222656,0.9965988993644714,467.146240234375,317.9966735839844,0.9505247473716736,154.68089294433594,372.7209777832031,0.9584826827049255,524.891845703125,424.13287353515625,0.8163055181503296,129.84190368652344,441.95220947265625,0.8474050760269165,402.03533935546875,451.82489013671875,0.6633155345916748,273.65576171875,467.1971130371094,0.6841338872909546,467.1747131347656,458.73114013671875,0.00839965883642435,250.91043090820312,453.21746826171875,0.009290391579270363,511.6114501953125,480.0,0.0006327598239295185,314.4590759277344,445.7986755371094,0.0007140181260183454,0
289.397216796875,96.6353759765625,0.9982851147651672,307.1064453125,79.02873229980469,0.9928265810012817,268.0348815917969,80.05819702148438,0.9944186210632324,328.7708435058594,99.38510131835938,0.8513052463531494,237.016845703125,102.14938354492188,0.9146444797515869,381.87939453125,204.4429931640625,0.9947859644889832,193.5263214111328,228.77487182617188,0.9966463446617126,466.6681823730469,321.12200927734375,0.9466515779495239,154.53121948242188,374.0892028808594,0.9562405943870544,524.2352905273438,423.90411376953125,0.8008288741111755,129.8096160888672,442.9471130371094,0.8362735509872437,400.61431884765625,453.77496337890625,0.6470276117324829,273.0809020996094,468.53070068359375,0.6699210405349731,465.7950439453125,462.4582824707031,0.007879427634179592,252.976318359375,454.5890197753906,0.008768020197749138,513.0294799804688,480.0,0.0006044806214049459,319.78521728515625,444.2276306152344,0.0006872413796372712,0
289.1483459472656,96.31932067871094,0.9982910752296448,307.02777099609375,79.18257141113281,0.9930270314216614,267.83880615234375,80.02395629882812,0.9942828416824341,328.94775390625,100.26217651367188,0.8593438863754272,237.09466552734375,102.66368103027344,0.911928653717041,382.00714111328125,203.96224975585938,0.9949190020561218,194.34420776367188,228.71795654296875,0.9967507123947144,467.6505126953125,320.802978515625,0.9482912421226501,153.39573669433594,374.6819763183594,0.9577828645706177,522.7875366210938,425.6304016113281,0.8073674440383911,129.20843505859375,443.45574951171875,0.8434189558029175,402.0693664550781,452.6207580566406,0.6568043828010559,275.11090087890625,467.7957763671875,0.6804062128067017,466.06549072265625,461.168701171875,0.008313898928463459,256.2632751464844,455.8109436035156,0.009343934245407581,507.5252685546875,480.0,0.0006269567529670894,321.04315185546875,447.1968994140625,0.0007158864173106849,0
288.7998046875,96.23504638671875,0.9983024597167969,306.70184326171875,79.01762390136719,0.9931057095527649,267.6310119628906,79.77725219726562,0.9942202568054199,328.7132263183594,99.74571228027344,0.8640040159225464,237.23106384277344,101.93476867675781,0.9112520217895508,382.3670654296875,203.8343048095703,0.9951820969581604,194.12548828125,227.77284240722656,0.9968457818031311,467.811767578125,320.7566223144531,0.9507229328155518,153.77581787109375,373.2569274902344,0.9590414762496948,524.9071044921875,425.910888671875,0.8106511235237122,129.4945526123047,443.5113525390625,0.8436883687973022,402.13433837890625,453.7591552734375,0.670672595500946,274.8367919921875,468.39849853515625,0.6921486854553223,466.40728759765625,463.1334533691406,0.008516579866409302,255.4724884033203,455.8111572265625,0.009506847709417343,510.0742492675781,480.0,0.000630978203844279,321.56231689453125,447.5551452636719,0.0007202484994195402,0
289.224853515625,95.92906188964844,0.9982779026031494,307.4081115722656,78.84283447265625,0.9930306077003479,267.7449645996094,79.8118896484375,0.9941571950912476,329.6542663574219,100.04660034179688,0.8626214265823364,236.78683471679688,102.64761352539062,0.9100902676582336,382.0144348144531,202.482177734375,0.9951860308647156,194.4798583984375,227.45883178710938,0.9967743754386902,467.5967102050781,318.08233642578125,0.9521913528442383,155.05953979492188,372.2667541503906,0.9582026600837708,524.8818359375,424.0810546875,0.8148826956748962,129.38124084472656,442.0384521484375,0.841113805770874,401.0770263671875,452.348876953125,0.6763132810592651,274.1151123046875,467.50909423828125,0.6930332779884338,463.9665832519531,462.25933837890625,0.008553950116038322,255.20590209960938,456.15374755859375,0.009299129247665405,508.39788818359375,480.0,0.0006260109948925674,323.5544128417969,446.7315979003906,0.0006995344301685691,0
289.1407165527344,95.8150634765625,0.998286783695221,307.16070556640625,79.31973266601562,0.9929989576339722,267.9201354980469,79.98101806640625,0.9942470788955688,329.07373046875,101.17929077148438,0.8584427237510681,237.1667938232422,103.10586547851562,0.9106760025024414,381.1420593261719,202.91253662109375,0.9949479103088379,194.8076171875,226.70042419433594,0.9966801404953003,466.86419677734375,318.415283203125,0.9512693285942078,154.33413696289062,371.04058837890625,0.9591341018676758,524.3837280273438,422.32464599609375,0.8152692914009094,129.98475646972656,442.489013671875,0.8452597260475159,400.93084716796875,452.3275146484375,0.6692258715629578,274.1930236816406,467.21014404296875,0.6891729235649109,465.30950927734375,460.93017578125,0.008217115886509418,254.69602966308594,455.5124816894531,0.009077738039195538,508.2083740234375,480.0,0.0006019664579071105,320.0010070800781,447.5274963378906,0.0006774250068701804,0
289.1407165527344,95.8150634765625,0.998286783695221,307.16070556640625,79.31973266601562,0.9929989576339722,267.9201354980469,79.98101806640625,0.9942470788955688,329.07373046875,101.17929077148438,0.8584427237510681,237.1667938232422,103.10586547851562,0.9106760025024414,381.1420593261719,202.91253662109375,0.9949479103088379,194.8076171875,226.70042419433594,0.9966801404953003,466.86419677734375,318.415283203125,0.9512693285942078,154.33413696289062,371.04058837890625,0.9591341018676758,524.3837280273438,422.32464599609375,0.8152692914009094,129.98475646972656,442.489013671875,0.8452597260475159,400.93084716796875,452.3275146484375,0.6692258715629578,274.1930236816406,467.21014404296875,0.6891729235649109,465.30950927734375,460.93017578125,0.008217115886509418,254.69602966308594,455.5124816894531,0.009077738039195538,508.2083740234375,480.0,0.0006019664579071105,320.0010070800781,447.5274963378906,0.0006774250068701804,0
289.9724426269531,96.30278015136719,0.9983073472976685,307.8339538574219,79.36259460449219,0.9928619265556335,268.5091247558594,80.10700988769531,0.9944487810134888,329.3598937988281,100.8837890625,0.8482704758644104,236.82632446289062,102.97938537597656,0.9149885773658752,381.7566833496094,203.8489532470703,0.9949193596839905,193.34817504882812,227.79429626464844,0.9966151118278503,467.43328857421875,318.934326171875,0.9506748914718628,153.82882690429688,371.5596923828125,0.9580522775650024,525.2181396484375,425.8823547363281,0.8138559460639954,130.58377075195312,442.2087097167969,0.8455336093902588,400.52685546875,451.9122314453125,0.6696485280990601,272.5292663574219,466.68621826171875,0.6880608201026917,465.34857177734375,461.0960693359375,0.008485010825097561,251.17251586914062,455.02001953125,0.009315252304077148,508.69183349609375,480.0,0.0006291865720413625,315.02239990234375,447.107666015625,0.0007037353352643549,0
289.0632629394531,96.34809875488281,0.9982810020446777,306.9870910644531,79.48672485351562,0.9930219054222107,267.6964416503906,80.19374084472656,0.9942948222160339,328.9746398925781,100.99432373046875,0.8614571690559387,236.8766326904297,103.13052368164062,0.9132382869720459,382.96337890625,204.6978302001953,0.994976818561554,193.72216796875,228.45167541503906,0.9967700242996216,469.3983154296875,319.95068359375,0.9482851028442383,152.87965393066406,372.57757568359375,0.9582353830337524,524.9615478515625,422.8365478515625,0.8076056241989136,130.06581115722656,442.38800048828125,0.8430920243263245,402.0787353515625,454.0572204589844,0.665054440498352,274.09002685546875,468.4939880371094,0.6886375546455383,464.9886474609375,463.66815185546875,0.008271617814898491,253.92086791992188,456.31866455078125,0.009301730431616306,506.72161865234375,480.0,0.000617090379819274,319.7794494628906,446.83673095703125,0.0007064631790854037,0
289.34588623046875,96.12054443359375,0.9982790946960449,307.5870361328125,79.11196899414062,0.9930830001831055,267.831787109375,79.89204406738281,0.994259238243103,329.99786376953125,100.80880737304688,0.863354504108429,236.90631103515625,102.98597717285156,0.9120667576789856,383.1466064453125,204.87890625,0.9949799180030823,193.93955993652344,228.41641235351562,0.996810257434845,468.15521240234375,320.4161682128906,0.9493977427482605,153.17547607421875,372.09417724609375,0.9593220949172974,524.1953125,424.8407287597656,0.8109321594238281,131.14984130859375,441.7449951171875,0.8469892740249634,402.1014709472656,453.62176513671875,0.6801846027374268,273.9292297363281,468.1185302734375,0.7042564153671265,464.1302490234375,465.79876708984375,0.008649802766740322,252.29107666015625,459.17694091796875,0.009746813215315342,507.450439453125,480.0,0.0006311613251455128,318.536376953125,449.1943664550781,0.0007215830846689641,0
289.5521545410156,95.84025573730469,0.9982805252075195,307.4993896484375,79.41716003417969,0.9928909540176392,267.9855041503906,80.03533935546875,0.9943163990974426,329.24664306640625,101.89602661132812,0.8551231622695923,236.44912719726562,103.83065795898438,0.9149317741394043,381.8542175292969,204.43472290039062,0.9950488209724426,193.97679138183594,228.82122802734375,0.9968132376670837,468.2690124511719,318.6556091308594,0.9500569701194763,153.4091339111328,372.5888671875,0.9589766263961792,524.72900390625,425.303955078125,0.8093051910400391,130.2313232421875,442.41986083984375,0.8453607559204102,402.7999572753906,452.38226318359375,0.683182418346405,275.5970153808594,467.47320556640625,0.7045474648475647,465.6922302246094,465.5941162109375,0.00863752793520689,256.875,460.24407958984375,0.00964286457747221,505.47149658203125,480.0,0.0006206656689755619,321.99786376953125,449.6519775390625,0.0007039030315354466,0
289.4556884765625,95.73027038574219,0.9982958436012268,307.44073486328125,79.46409606933594,0.9929801821708679,268.2066955566406,79.88755798339844,0.9943215847015381,329.1055908203125,102.15948486328125,0.8560050129890442,237.08778381347656,103.61465454101562,0.9131357073783875,381.3646240234375,205.0229034423828,0.9949890971183777,194.17752075195312,228.84463500976562,0.9967710375785828,467.3449401855469,318.9535827636719,0.9514349699020386,153.15426635742188,372.6248474121094,0.960148811340332,524.0697021484375,422.8748474121094,0.8187465071678162,130.3529052734375,442.49017333984375,0.8515836000442505,401.4206237792969,453.3924255371094,0.6903758645057678,274.0710144042969,468.18182373046875,0.7115145325660706,464.75970458984375,465.51715087890625,0.008931473828852177,252.23599243164062,460.08197021484375,0.00994866993278265,505.47845458984375,480.0,0.0006451464141719043,315.19683837890625,449.901611328125,0.0007291206857189536,0
289.9508056640625,96.46589660644531,0.9982594847679138,307.36883544921875,79.47050476074219,0.9927774667739868,268.3907775878906,80.55583190917969,0.9942193031311035,328.75238037109375,100.35142517089844,0.8533949851989746,236.91986083984375,103.35868835449219,0.9156514406204224,382.3039245605469,202.81129455566406,0.9953936338424683,193.01519775390625,227.9691162109375,0.9967897534370422,468.00738525390625,318.8318786621094,0.9531933069229126,152.6258544921875,373.82769775390625,0.957323431968689,524.9586791992188,425.7215576171875,0.813429594039917,131.16783142089844,443.265380859375,0.8382261991500854,400.9605712890625,452.93951416015625,0.6923296451568604,272.910400390625,468.109130859375,0.7039101123809814,464.9891662597656,466.2757568359375,0.008876237086951733,254.50381469726562,459.3254699707031,0.009466847404837608,507.0435485839844,480.0,0.0006304375128820539,320.20343017578125,449.0174255371094,0.0006946992361918092,0
289.6953430175781,96.28877258300781,0.9982683658599854,307.3373718261719,79.20030212402344,0.992741584777832,268.1318359375,80.66215515136719,0.9943186640739441,329.11419677734375,100.28759765625,0.8517531156539917,237.15289306640625,103.89666748046875,0.9145195484161377,381.4381408691406,203.18893432617188,0.9948650002479553,194.4542236328125,228.04469299316406,0.9967278242111206,466.5252380371094,318.98681640625,0.948943555355072,154.26072692871094,371.77105712890625,0.9579006433486938,525.4490966796875,425.1991271972656,0.8040822148323059,131.0480499267578,441.995849609375,0.8388923406600952,400.4236145019531,452.45367431640625,0.6532122492790222,273.8774719238281,467.87017822265625,0.6754743456840515,462.6214599609375,460.3282470703125,0.007729490287601948,254.67605590820312,454.9869384765625,0.00854678638279438,509.8782958984375,480.0,0.0005754999001510441,324.3036193847656,445.45220947265625,0.0006473732646554708,0
286.32635498046875,147.09902954101562,0.9980096220970154,306.37030029296875,112.37260437011719,0.9929900169372559,248.0443572998047,125.2098388671875,0.9953668117523193,343.4624328613281,114.53411865234375,0.8444641828536987,203.3757781982422,144.930419921875,0.9113038778305054,423.14849853515625,237.22940063476562,0.9910460114479065,174.19650268554688,252.9691162109375,0.9932716488838196,502.7160339355469,404.70306396484375,0.8273038864135742,136.21336364746094,399.1478271484375,0.8973895311355591,478.2728271484375,477.04058837890625,0.6749697923660278,195.23367309570312,473.9418640136719,0.7762891054153442,404.6640625,471.93768310546875,0.26401710510253906,241.82965087890625,479.71197509765625,0.31276801228523254,430.0843811035156,439.6614685058594,0.0034925066865980625,214.8939208984375,433.229248046875,0.004656126257032156,460.267578125,463.005859375,0.0005142833688296378,282.385009765625,424.48175048828125,0.0006272247992455959,1
287.6507568359375,139.86978149414062,0.9979715943336487,307.9371337890625,107.8514404296875,0.993171215057373,251.49356079101562,118.63558959960938,0.9951385259628296,343.73175048828125,113.69657897949219,0.8622400760650635,208.5318603515625,139.47210693359375,0.9115015268325806,423.0262145996094,235.55477905273438,0.9918597340583801,174.76361083984375,250.49154663085938,0.9935150146484375,506.1873779296875,401.878662109375,0.8354432582855225,137.9380340576172,401.4465637207031,0.8936585783958435,482.64788818359375,474.785888671875,0.6694519519805908,195.69369506835938,476.0820007324219,0.7546719908714294,403.52862548828125,473.4961242675781,0.253606379032135,241.0527801513672,480.0,0.29118552803993225,435.0552673339844,435.6466369628906,0.0032496992498636246,217.3429412841797,426.8235778808594,0.004205238074064255,458.90350341796875,459.84442138671875,0.0004921415238641202,286.9515380859375,419.4522705078125,0.0005924642900936306,1
289.80487060546875,136.04800415039062,0.9979305267333984,309.7893981933594,105.55293273925781,0.9929327964782715,255.23863220214844,114.85287475585938,0.9949382543563843,343.81951904296875,112.30433654785156,0.85557621717453,212.6954345703125,134.5894012451172,0.914582371711731,420.4909973144531,231.72589111328125,0.9925986528396606,175.33082580566406,246.984130859375,0.9935413599014282,504.9110107421875,396.273681640625,0.8513630032539368,138.61627197265625,402.23089599609375,0.888090968132019,488.6846923828125,476.1953125,0.6658419966697693,194.66143798828125,478.6805419921875,0.7312853336334229,403.66424560546875,471.7642822265625,0.2661363482475281,243.2725830078125,479.65576171875,0.2887239456176758,441.06915283203125,435.9877624511719,0.003278912976384163,224.53146362304688,426.66619873046875,0.003966710064560175,461.20751953125,461.1612854003906,0.0004836938751395792,294.35302734375,419.5832214355469,0.0005583051242865622,1
289.78662109375,134.17587280273438,0.9979069232940674,309.6156005859375,103.96903991699219,0.9931011199951172,254.73251342773438,114.15921020507812,0.9948655962944031,344.4158630371094,112.16510009765625,0.8713484406471252,213.23199462890625,136.65838623046875,0.9145198464393616,422.4839172363281,232.1905517578125,0.9930993318557739,175.71173095703125,247.7353515625,0.9940127730369568,504.8836669921875,398.7274475097656,0.8600794672966003,137.43101501464844,402.62945556640625,0.8966806530952454,486.7384033203125,474.81549072265625,0.6796950101852417,195.12460327148438,477.15869140625,0.7434380650520325,401.24041748046875,468.98992919921875,0.2911826968193054,239.43704223632812,476.930908203125,0.31639760732650757,441.5044250488281,435.78607177734375,0.0035140221007168293,221.90643310546875,426.962646484375,0.004314818885177374,463.65875244140625,460.651611328125,0.00047939203795976937,290.2275695800781,419.93634033203125,0.000558103434741497,1
292.4986267089844,127.06700134277344,0.9978444576263428,312.67205810546875,97.57852172851562,0.993656575679779,258.92181396484375,106.5108642578125,0.9940829873085022,347.47540283203125,107.03034973144531,0.8993594646453857,220.2509307861328,128.7976531982422,0.9015349745750427,426.1218566894531,234.90048217773438,0.9933816194534302,179.820068359375,246.4972381591797,0.9941171407699585,505.2220458984375,402.34912109375,0.8554810881614685,137.18698120117188,402.38226318359375,0.8883901238441467,492.51861572265625,472.1046447753906,0.677513837814331,193.5352783203125,475.6839599609375,0.7250633835792542,400.6905517578125,476.26025390625,0.26265662908554077,240.82470703125,480.0,0.28482481837272644,432.2576599121094,439.3343200683594,0.0032422570511698723,217.945068359375,424.0766906738281,0.0038885893300175667,453.435546875,462.4187927246094,0.0004639496037270874,289.14837646484375,414.3677978515625,0.0005369231221266091,1
293.8369445800781,124.02880859375,0.9978172779083252,314.78155517578125,95.31350708007812,0.9936823844909668,260.3613586425781,103.24101257324219,0.9940080642700195,349.7291564941406,106.89581298828125,0.902096688747406,221.17588806152344,126.45687866210938,0.9028269052505493,427.27935791015625,235.06983947753906,0.9932687878608704,179.172119140625,246.34722900390625,0.9941592216491699,506.09674072265625,400.038330078125,0.8510661125183105,135.892333984375,402.39166259765625,0.8853237628936768,491.6600341796875,473.4605712890625,0.6695911288261414,191.53793334960938,475.32525634765625,0.7210085988044739,401.02203369140625,476.285888671875,0.25111955404281616,240.5503387451172,480.0,0.27291974425315857,432.2533264160156,437.9010009765625,0.0031154898460954428,219.27670288085938,421.8868103027344,0.003749201772734523,445.94482421875,461.47296142578125,0.00045205745846033096,290.71307373046875,413.18035888671875,0.0005246978253126144,1
293.311279296875,123.40719604492188,0.997846245765686,314.1684265136719,94.59799194335938,0.9937073588371277,259.54534912109375,103.177001953125,0.9941105246543884,349.2452697753906,106.41111755371094,0.9015346765518188,220.2591552734375,127.23898315429688,0.9043253660202026,426.6418762207031,234.04388427734375,0.9935270547866821,178.53884887695312,245.91079711914062,0.994227409362793,506.6993408203125,400.33123779296875,0.8592754006385803,135.28439331054688,401.9322204589844,0.8876834511756897,493.5438537597656,473.48162841796875,0.6797237992286682,192.9432373046875,475.6104736328125,0.7237891554832458,401.06927490234375,474.4881591796875,0.2606198489665985,240.2380828857422,480.0,0.27937081456184387,434.0176696777344,436.001220703125,0.003135330742225051,220.10824584960938,422.84075927734375,0.003716189181432128,453.09344482421875,458.5742492675781,0.0004410224501043558,294.39141845703125,413.8027038574219,0.0005042279954068363,1
293.7082824707031,122.23080444335938,0.9978300929069519,314.64617919921875,93.93357849121094,0.9939097166061401,260.6488952636719,102.12947082519531,0.9941033720970154,349.8531494140625,105.88529968261719,0.906038761138916,222.31101989746094,125.76930236816406,0.9019796252250671,426.7161560058594,231.19508361816406,0.993293285369873,179.92623901367188,243.39572143554688,0.9942236542701721,508.0262451171875,399.2120666503906,0.861068606376648,134.2133026123047,402.392578125,0.8926159143447876,490.6388854980469,473.6629638671875,0.6791556477546692,195.6465301513672,476.01739501953125,0.7300014495849609,403.0873107910156,471.04302978515625,0.27375519275665283,241.7677001953125,477.7623291015625,0.2955590486526489,441.95989990234375,434.9989013671875,0.0031234421767294407,222.19337463378906,425.5972595214844,0.003794690128415823,458.4291687011719,454.2510986328125,0.0004308042407501489,291.8592224121094,415.19561767578125,0.0004976489581167698,1
293.7082824707031,122.23080444335938,0.9978300929069519,314.64617919921875,93.93357849121094,0.9939097166061401,260.6488952636719,102.12947082519531,0.9941033720970154,349.8531494140625,105.88529968261719,0.906038761138916,222.31101989746094,125.76930236816406,0.9019796252250671,426.7161560058594,231.19508361816406,0.993293285369873,179.92623901367188,243.39572143554688,0.9942236542701721,508.0262451171875,399.2120666503906,0.861068606376648,134.2133026123047,402.392578125,0.8926159143447876,490.6388854980469,473.6629638671875,0.6791556477546692,195.6465301513672,476.01739501953125,0.7300014495849609,403.0873107910156,471.04302978515625,0.27375519275665283,241.7677001953125,477.7623291015625,0.2955590486526489,441.95989990234375,434.9989013671875,0.0031234421767294407,222.19337463378906,425.5972595214844,0.003794690128415823,458.4291687011719,454.2510986328125,0.0004308042407501489,291.8592224121094,415.19561767578125,0.0004976489581167698,1
294.8058166503906,122.29440307617188,0.9977908134460449,315.07763671875,94.006103515625,0.9939141869544983,262.3349304199219,102.13349914550781,0.993716299533844,349.5059509277344,105.01344299316406,0.9096019864082336,224.73207092285156,124.79498291015625,0.8992645740509033,427.4559326171875,231.66073608398438,0.9938356280326843,181.0057373046875,243.95089721679688,0.9942721128463745,507.87469482421875,399.31085205078125,0.8689795732498169,134.9326629638672,403.44891357421875,0.8877515196800232,491.3418884277344,474.36492919921875,0.6875585913658142,198.25613403320312,475.85943603515625,0.7213045954704285,404.4461364746094,471.8857421875,0.28039485216140747,244.069580078125,478.3712158203125,0.2937396168708801,441.0165710449219,436.88690185546875,0.003264351049438119,223.46536254882812,425.5642395019531,0.003783965250477195,457.72698974609375,456.6195068359375,0.00044542388059198856,294.0504455566406,414.0310974121094,0.0005013625486753881,1
294.3916931152344,122.3114013671875,0.9977748990058899,315.4475402832031,94.40444946289062,0.9940179586410522,262.2330017089844,102.04182434082031,0.9936645030975342,350.52484130859375,106.10914611816406,0.9138637781143188,225.12969970703125,124.60301208496094,0.8973216414451599,427.03668212890625,231.21438598632812,0.9936313033103943,180.99176025390625,243.10989379882812,0.994289755821228,506.7780456542969,397.8592529296875,0.867777407169342,135.61248779296875,402.7823181152344,0.8899343013763428,491.82025146484375,473.13616943359375,0.6852758526802063,198.40118408203125,475.56927490234375,0.7221242189407349,404.01654052734375,473.65032958984375,0.2775236964225769,243.5216827392578,480.0,0.293316513299942,443.02386474609375,436.8441162109375,0.0031825865153223276,224.57186889648438,425.3524169921875,0.00374967185780406,460.78533935546875,458.2085266113281,0.0004423729842528701,298.17987060546875,416.0657043457031,0.0005047856247983873,1
294.76153564453125,123.1361083984375,0.9978222846984863,315.31341552734375,94.28230285644531,0.9941220879554749,261.7330322265625,102.66375732421875,0.9938070178031921,350.4741516113281,105.08183288574219,0.9110161066055298,224.03118896484375,125.52984619140625,0.8960394859313965,428.92694091796875,233.11090087890625,0.9934319853782654,181.205078125,244.79702758789062,0.9939119815826416,507.9324951171875,401.2638854980469,0.8611567616462708,135.00607299804688,403.5990295410156,0.8832730054855347,493.2613525390625,472.79345703125,0.6827263832092285,197.59213256835938,477.41436767578125,0.716274082660675,404.83099365234375,473.3670654296875,0.26676538586616516,243.4864959716797,479.42755126953125,0.2816920876502991,440.90020751953125,436.74114990234375,0.003210419090464711,220.71014404296875,424.5074462890625,0.0037517708260565996,459.3150939941406,457.8542785644531,0.0004522695089690387,289.70703125,414.5121765136719,0.0005125433672219515,1
293.5386657714844,124.25752258300781,0.9978451728820801,314.6537780761719,94.83396911621094,0.99425208568573,261.1587829589844,102.76725769042969,0.9936802387237549,350.1979064941406,104.25448608398438,0.9154813885688782,224.107666015625,123.44273376464844,0.8914180994033813,427.4332275390625,232.80880737304688,0.9935751557350159,180.51202392578125,244.25213623046875,0.9941328167915344,505.11187744140625,400.35980224609375,0.8690715432167053,135.406494140625,402.94097900390625,0.8902246356010437,490.24072265625,474.12005615234375,0.6991484761238098,196.7566680908203,475.2543029785156,0.7334167957305908,403.98870849609375,473.98583984375,0.28007861971855164,243.0494384765625,480.0,0.29696986079216003,441.8819580078125,438.405517578125,0.0033610526006668806,219.1546630859375,425.66986083984375,0.003952404484152794,464.00909423828125,459.3832092285156,0.00046764087164774537,289.9524841308594,416.1545715332031,0.0005339923081919551,1
292.83465576171875,123.69126892089844,0.997837483882904,314.1504821777344,94.6156005859375,0.9945483803749084,260.33154296875,103.07611083984375,0.9935193657875061,350.6932373046875,105.126220703125,0.9246236085891724,224.23028564453125,125.42097473144531,0.8862478733062744,427.9959716796875,232.83648681640625,0.9937844276428223,181.41445922851562,244.75372314453125,0.9941473007202148,506.46197509765625,399.7359313964844,0.8735342621803284,134.14694213867188,402.16058349609375,0.8895864486694336,493.779052734375,474.90887451171875,0.6998748183250427,195.4341583251953,475.9622802734375,0.7243437170982361,402.2553405761719,473.1443786621094,0.29098671674728394,241.35211181640625,479.439697265625,0.30450811982154846,438.39422607421875,438.198486328125,0.0033855510409921408,216.66314697265625,426.92529296875,0.003919287119060755,461.68017578125,457.6405334472656,0.00046293396735563874,288.55712890625,416.0345153808594,0.0005217473953962326,1
292.7804870605469,124.04122924804688,0.997837245464325,313.4430847167969,94.58442687988281,0.9942653775215149,259.74395751953125,103.458984375,0.993610680103302,349.2897033691406,104.11953735351562,0.9171857237815857,222.73348999023438,125.54119873046875,0.8906286954879761,427.6556396484375,232.27137756347656,0.9938404560089111,180.95614624023438,244.319580078125,0.9942050576210022,505.63055419921875,400.81256103515625,0.8719004988670349,134.87246704101562,402.33624267578125,0.8898274302482605,492.17449951171875,473.623046875,0.6983568668365479,196.76632690429688,476.41180419921875,0.7258190512657166,403.7695007324219,474.855224609375,0.2855365574359894,243.00396728515625,480.0,0.3001047968864441,438.5169982910156,439.19268798828125,0.003318367525935173,219.60015869140625,426.61944580078125,0.0038350254762917757,462.2674865722656,459.5345153808594,0.0004565312701743096,292.32305908203125,414.96124267578125,0.0005152951343916357,1
292.188720703125,123.06820678710938,0.9977960586547852,312.743408203125,94.73097229003906,0.9939828515052795,259.7413024902344,103.22100830078125,0.9936389327049255,347.73028564453125,105.64376831054688,0.9154384136199951,222.70521545410156,126.11091613769531,0.8966172933578491,426.2271423339844,231.43411254882812,0.9943103790283203,179.2235107421875,243.8603515625,0.9944332242012024,506.42840576171875,399.58013916015625,0.8789567947387695,136.19883728027344,402.66790771484375,0.8911699056625366,491.10308837890625,473.3761291503906,0.697930634021759,196.06149291992188,475.71514892578125,0.7179571390151978,401.41546630859375,474.1076965332031,0.29906418919563293,240.2529296875,480.0,0.3085791766643524,439.646484375,439.5928955078125,0.003359684022143483,219.6658935546875,426.2664489746094,0.003808517474681139,464.5334777832031,460.38507080078125,0.00044775439891964197,296.1932067871094,414.99169921875,0.0004997498472221196,1
292.06317138671875,123.16159057617188,0.9978172779083252,312.9031677246094,94.57798767089844,0.9941595792770386,259.657958984375,102.95039367675781,0.9936686158180237,348.3770751953125,105.54731750488281,0.9188281893730164,223.0679473876953,125.77328491210938,0.8936347961425781,427.3837890625,233.554443359375,0.9938749670982361,179.80128479003906,245.09930419921875,0.9943282008171082,507.0184326171875,401.3504333496094,0.8679307699203491,135.875,402.81439208984375,0.8898422718048096,490.4371337890625,471.78021240234375,0.6930525302886963,196.234619140625,475.59796142578125,0.7223247289657593,401.50299072265625,475.33526611328125,0.27718761563301086,240.3732452392578,480.0,0.2939237356185913,436.47442626953125,438.52496337890625,0.0032427222467958927,216.99371337890625,424.79638671875,0.0038001611828804016,460.3536071777344,459.35162353515625,0.0004480048082768917,292.6290588378906,414.49945068359375,0.0005111280479468405,1
291.99627685546875,123.31114196777344,0.9978017210960388,312.6336669921875,94.5777587890625,0.9939036965370178,258.9246520996094,103.52114868164062,0.9938470721244812,348.2020568847656,105.51547241210938,0.9131188988685608,221.75257873535156,127.04202270507812,0.8999584317207336,426.6414489746094,231.9132080078125,0.9938945174217224,179.77784729003906,244.36123657226562,0.9946103096008301,504.88702392578125,400.2092590332031,0.8686431646347046,137.2018585205078,402.494384765625,0.8961784243583679,492.02978515625,473.42041015625,0.6825599074363708,197.7398681640625,475.9854736328125,0.7245078086853027,401.2616882324219,473.078125,0.2934015691280365,240.21144104003906,479.24462890625,0.3148036599159241,437.0985107421875,439.29083251953125,0.003345126984640956,218.00738525390625,425.6324157714844,0.004000135697424412,462.18621826171875,459.7493896484375,0.00045181531459093094,293.1647644042969,413.70220947265625,0.0005221324972808361,1
292.17041015625,123.4554443359375,0.9978179931640625,313.04351806640625,94.8013916015625,0.9941658973693848,259.76885986328125,103.38206481933594,0.993759274482727,348.79559326171875,105.54220581054688,0.9194303750991821,223.46343994140625,126.1636962890625,0.8948600888252258,427.2872314453125,232.9205322265625,0.9937713742256165,180.51644897460938,244.66250610351562,0.9945793151855469,505.5625,402.02923583984375,0.86639803647995,136.16433715820312,403.1070556640625,0.8952745795249939,487.7457275390625,473.0250244140625,0.684354841709137,197.44662475585938,476.1957092285156,0.7252412438392639,402.3902893066406,474.7645263671875,0.28659531474113464,241.3113555908203,480.0,0.30983296036720276,438.8323974609375,440.4301452636719,0.003231734735891223,218.376708984375,427.796142578125,0.0038920599035918713,464.88153076171875,459.5580749511719,0.00043977523455396295,294.6371154785156,416.05462646484375,0.0005102192517369986,1
292.17041015625,123.4554443359375,0.9978179931640625,313.04351806640625,94.8013916015625,0.9941658973693848,259.76885986328125,103.38206481933594,0.993759274482727,348.79559326171875,105.54220581054688,0.9194303750991821,223.46343994140625,126.1636962890625,0.8948600888252258,427.2872314453125,232.9205322265625,0.9937713742256165,180.51644897460938,244.66250610351562,0.9945793151855469,505.5625,402.02923583984375,0.86639803647995,136.16433715820312,403.1070556640625,0.8952745795249939,487.7457275390625,473.0250244140625,0.684354841709137,197.44662475585938,476.1957092285156,0.7252412438392639,402.3902893066406,474.7645263671875,0.28659531474113464,241.3113555908203,480.0,0.30983296036720276,438.8323974609375,440.4301452636719,0.003231734735891223,218.376708984375,427.796142578125,0.0038920599035918713,464.88153076171875,459.5580749511719,0.00043977523455396295,294.6371154785156,416.05462646484375,0.0005102192517369986,1
291.4825439453125,124.40338134765625,0.9977554678916931,312.61846923828125,95.8809814453125,0.9942102432250977,259.1551818847656,104.1864013671875,0.9934658408164978,348.7528991699219,106.6175537109375,0.9240639209747314,223.15664672851562,126.6658935546875,0.890803337097168,427.6171569824219,233.25534057617188,0.9939771890640259,180.44073486328125,244.22592163085938,0.9944586753845215,505.425537109375,402.2148132324219,0.8683077096939087,137.2823028564453,402.54876708984375,0.8919014930725098,488.8768310546875,474.29510498046875,0.6823302507400513,198.31838989257812,477.263427734375,0.7146531939506531,401.7874755859375,475.2643737792969,0.2915428578853607,240.62843322753906,480.0,0.31041204929351807,437.77130126953125,441.86480712890625,0.0033463547006249428,218.41604614257812,427.12725830078125,0.003968366421759129,462.56591796875,462.1960754394531,0.00045966505422256887,295.1219482421875,416.05126953125,0.0005307606770657003,1
291.7694396972656,124.06063842773438,0.9978172779083252,312.3551940917969,95.10905456542969,0.9941277503967285,258.76568603515625,104.08287048339844,0.9937620759010315,348.1676940917969,105.37832641601562,0.9185425043106079,221.95167541503906,127.09956359863281,0.8960748314857483,428.07354736328125,232.1408233642578,0.9940506815910339,179.92803955078125,244.48509216308594,0.9945804476737976,506.7828369140625,400.94036865234375,0.8702554106712341,136.447509765625,402.37689208984375,0.8946418762207031,491.4722900390625,474.1946716308594,0.6822543740272522,195.59799194335938,476.55572509765625,0.7188876867294312,402.872802734375,474.1760559082031,0.29822322726249695,240.93577575683594,480.0,0.3180505335330963,439.5382080078125,442.0431213378906,0.0033305773977190256,218.2632293701172,427.35040283203125,0.0039500584825873375,465.33502197265625,462.01763916015625,0.00044638090184889734,293.200927734375,414.56964111328125,0.0005154332029633224,1
290.802978515625,124.35748291015625,0.9977670907974243,311.2746887207031,95.58279418945312,0.994261622428894,258.41082763671875,104.45306396484375,0.9933558702468872,347.1311950683594,105.44625854492188,0.925191342830658,222.73800659179688,126.83200073242188,0.8890592455863953,427.9376525878906,232.21461486816406,0.9941983222961426,180.87493896484375,244.3312530517578,0.9945850968360901,506.86572265625,402.2681884765625,0.8704112768173218,136.227783203125,403.3487548828125,0.8916318416595459,490.18182373046875,473.0748291015625,0.6836458444595337,196.88442993164062,476.1900634765625,0.7131330966949463,404.3579406738281,473.8919677734375,0.29670825600624084,243.61309814453125,479.674072265625,0.3151835501194,436.94207763671875,442.61822509765625,0.0033912286162376404,219.48052978515625,428.57196044921875,0.003982903901487589,462.175048828125,461.9631042480469,0.00044998410157859325,295.6444091796875,415.7666931152344,0.0005172009696252644,1
289.80584716796875,124.52261352539062,0.9978220462799072,310.4949645996094,95.88102722167969,0.9942446351051331,256.60430908203125,105.22639465332031,0.9936384558677673,347.04083251953125,107.10487365722656,0.9252183437347412,220.5034637451172,129.63926696777344,0.8944165706634521,427.7435302734375,234.08053588867188,0.994297444820404,180.37965393066406,246.148193359375,0.9949110150337219,507.9372863769531,402.0438232421875,0.8702508211135864,136.1829833984375,401.2129821777344,0.8988157510757446,492.671630859375,472.41339111328125,0.6858845353126526,195.01937866210938,475.832275390625,0.7265803217887878,404.0780334472656,473.56573486328125,0.2992067039012909,243.56375122070312,479.683837890625,0.32354697585105896,438.14031982421875,440.98028564453125,0.003362201154232025,224.59967041015625,428.025390625,0.004090064205229282,464.56488037109375,460.591552734375,0.00043699771049432456,303.6275939941406,416.1788330078125,0.0005142402369529009,1
290.7227783203125,124.96627807617188,0.9978815913200378,310.4693603515625,96.16964721679688,0.9940472841262817,257.12725830078125,106.25209045410156,0.9940630793571472,346.0064697265625,106.96624755859375,0.9148966670036316,220.2374267578125,131.21636962890625,0.9021779894828796,427.52349853515625,233.55685424804688,0.9941206574440002,180.257080078125,246.65219116210938,0.9948809146881104,507.86846923828125,401.2939453125,0.8695220351219177,135.9694061279297,400.9375,0.901118278503418,494.3056640625,472.44384765625,0.683010458946228,195.04861450195312,476.50311279296875,0.7304045557975769,404.62249755859375,473.3309326171875,0.30769607424736023,243.49978637695312,479.90142822265625,0.3347533941268921,438.68243408203125,441.98583984375,0.0034329041372984648,221.02645874023438,429.49774169921875,0.004181834869086742,468.33056640625,462.6903076171875,0.000442958262283355,297.57208251953125,417.44879150390625,0.0005196022102609277,1
289.8897399902344,125.06265258789062,0.997853696346283,310.78765869140625,96.45024108886719,0.9945939183235168,257.0030822753906,105.618408203125,0.9935467839241028,347.6937561035156,107.75245666503906,0.9298315048217773,221.3929443359375,129.81295776367188,0.8869010210037231,428.9298095703125,234.60813903808594,0.9940786361694336,180.91578674316406,246.94635009765625,0.9946021437644958,509.49530029296875,401.2930603027344,0.8723763823509216,135.4616241455078,401.734130859375,0.897403359413147,492.0438232421875,472.84002685546875,0.6974980235099792,196.56271362304688,476.21875,0.7306234240531921,405.2176513671875,475.23907470703125,0.3030433654785156,243.4889678955078,480.0,0.32565367221832275,437.6949462890625,442.00311279296875,0.0033782077953219414,217.87181091308594,429.9768371582031,0.0040573677979409695,462.6314697265625,462.38311767578125,0.000441137672169134,293.38427734375,419.43695068359375,0.0005130585632286966,1
289.7444763183594,125.51702880859375,0.9978431463241577,310.8739318847656,96.86250305175781,0.9946129322052002,256.8612365722656,106.19868469238281,0.9935833811759949,348.045654296875,108.07211303710938,0.930780291557312,221.3609619140625,130.3699951171875,0.8871583342552185,428.2640075683594,233.3647918701172,0.9940412640571594,180.7766571044922,246.36378479003906,0.9946668148040771,507.21600341796875,400.0758056640625,0.873559832572937,135.41041564941406,401.47113037109375,0.8985400199890137,490.87493896484375,473.6530456542969,0.6941810250282288,194.7451171875,475.76995849609375,0.7279031872749329,403.3426513671875,473.4718933105469,0.3130510449409485,241.6900634765625,479.7787170410156,0.3365638554096222,435.57958984375,441.52386474609375,0.0035514102783054113,214.85708618164062,429.7696533203125,0.004254698287695646,462.43499755859375,462.4501953125,0.00046259036753326654,291.17352294921875,419.7724609375,0.0005367491976357996,1
288.6831359863281,126.687255859375,0.9978112578392029,309.90496826171875,97.49905395507812,0.9943424463272095,255.7725830078125,106.64447021484375,0.9935826659202576,346.8234558105469,107.31825256347656,0.9255598187446594,219.77694702148438,129.072509765625,0.8902044892311096,426.7187805175781,232.90158081054688,0.9939676523208618,179.38450622558594,245.49197387695312,0.9946145415306091,506.667236328125,400.222900390625,0.8674531579017639,136.68666076660156,401.87432861328125,0.895189642906189,494.0634765625,471.72918701171875,0.6867362856864929,195.79534912109375,475.2148742675781,0.7230274677276611,401.9927062988281,474.52264404296875,0.2902635633945465,241.2689666748047,480.0,0.3134739398956299,432.06536865234375,440.13800048828125,0.003387507749721408,216.32818603515625,426.626953125,0.004078198224306107,459.0845642089844,461.99066162109375,0.0004589723830576986,295.6227111816406,416.7828674316406,0.0005362587398849428,1
288.6831359863281,126.687255859375,0.9978112578392029,309.90496826171875,97.49905395507812,0.9943424463272095,255.7725830078125,106.64447021484375,0.9935826659202576,346.8234558105469,107.31825256347656,0.9255598187446594,219.77694702148438,129.072509765625,0.8902044892311096,426.7187805175781,232.90158081054688,0.9939676523208618,179.38450622558594,245.49197387695312,0.9946145415306091,506.667236328125,400.222900390625,0.8674531579017639,136.68666076660156,401.87432861328125,0.895189642906189,494.0634765625,471.72918701171875,0.6867362856864929,195.79534912109375,475.2148742675781,0.7230274677276611,401.9927062988281,474.52264404296875,0.2902635633945465,241.2689666748047,480.0,0.3134739398956299,432.06536865234375,440.13800048828125,0.003387507749721408,216.32818603515625,426.626953125,0.004078198224306107,459.0845642089844,461.99066162109375,0.0004589723830576986,295.6227111816406,416.7828674316406,0.0005362587398849428,1
289.70440673828125,127.08856201171875,0.9978647828102112,310.2499084472656,97.6041259765625,0.9938993453979492,256.00555419921875,107.0963134765625,0.994148850440979,346.1641540527344,106.98652648925781,0.9110429286956787,218.2340087890625,129.76345825195312,0.9039880037307739,426.9982604980469,232.810302734375,0.993887722492218,178.17092895507812,246.1222686767578,0.9948676824569702,507.95867919921875,401.2686462402344,0.858809769153595,137.72903442382812,403.46185302734375,0.8973110318183899,494.83349609375,470.81658935546875,0.6677476763725281,195.67237854003906,476.81610107421875,0.722450852394104,404.3280944824219,475.1048583984375,0.2842754125595093,242.89930725097656,480.0,0.3135714530944824,436.990478515625,441.4471435546875,0.003284417325630784,221.91729736328125,427.1155090332031,0.004077528137713671,463.9935607910156,464.37957763671875,0.00044345532660372555,301.42645263671875,417.12896728515625,0.0005296578747220337,1
393.1203918457031,133.87689208984375,0.9976542592048645,422.187744140625,109.83265686035156,0.992469847202301,366.18841552734375,108.31028747558594,0.995258629322052,459.005615234375,122.87551879882812,0.8904836773872375,327.5712585449219,119.56654357910156,0.9230728149414062,501.5840759277344,232.92477416992188,0.9866740703582764,261.3353271484375,227.0767822265625,0.9958195686340332,549.2474365234375,395.30633544921875,0.7921499609947205,176.2458038330078,384.6558532714844,0.9390345811843872,499.2317199707031,480.0,0.6090425252914429,212.42919921875,477.88134765625,0.822604238986969,425.854736328125,466.76495361328125,0.2560581862926483,270.1060791015625,464.0464172363281,0.3727617561817169,451.901611328125,438.928955078125,0.0037431831005960703,253.31805419921875,426.9139099121094,0.006312159821391106,410.3865051269531,451.6398010253906,0.0005705647054128349,304.3354797363281,427.08056640625,0.0007605510181747377,1
393.8780517578125,133.44723510742188,0.9977107048034668,422.2085266113281,108.86338806152344,0.9926020503044128,366.82012939453125,107.81024169921875,0.9952915906906128,458.80145263671875,120.60447692871094,0.8910415172576904,328.4812927246094,118.68022155761719,0.9214248061180115,502.50164794921875,233.1981201171875,0.9868341088294983,262.8014221191406,227.15313720703125,0.9958010315895081,549.142333984375,396.3821105957031,0.7943804264068604,176.33413696289062,383.6773681640625,0.9396296739578247,497.2961120605469,480.0,0.6162787079811096,211.06149291992188,478.0527648925781,0.8274503946304321,424.5407409667969,467.0080871582031,0.2619945704936981,269.21484375,463.6330871582031,0.38044580817222595,449.61883544921875,441.78076171875,0.0038654122035950422,250.7165069580078,428.412353515625,0.006509901490062475,407.40673828125,453.3940734863281,0.0005836424534209073,297.0101318359375,426.6103820800781,0.0007773152901791036,1
393.7364196777344,132.13844299316406,0.9975870847702026,421.8994140625,108.39653015136719,0.9921249747276306,366.7721862792969,106.98260498046875,0.9951187372207642,457.84246826171875,121.66499328613281,0.8909538984298706,328.2008056640625,119.05523681640625,0.925096333026886,502.04705810546875,234.2804412841797,0.9872649908065796,262.1575927734375,228.07827758789062,0.996019184589386,548.801513671875,397.0348815917969,0.7859389781951904,176.90553283691406,385.163818359375,0.9386200904846191,495.02337646484375,480.0,0.6012485027313232,212.44601440429688,475.52801513671875,0.8228015303611755,423.30804443359375,466.44476318359375,0.2552381455898285,268.97088623046875,462.49517822265625,0.37472832202911377,443.76043701171875,441.52740478515625,0.0038712644018232822,252.44610595703125,426.3567810058594,0.0065814051777124405,395.0074462890625,453.35565185546875,0.000580940512008965,300.4139099121094,424.025634765625,0.000780103204306215,1
395.0957946777344,133.03517150878906,0.9976479411125183,422.7167053222656,109.29498291015625,0.9922290444374084,368.47283935546875,108.2376708984375,0.9951707720756531,458.122314453125,121.56817626953125,0.8919907808303833,330.38006591796875,119.67494201660156,0.9265158772468567,503.06304931640625,233.36004638671875,0.9882268309593201,262.4570007324219,227.21255493164062,0.9961873888969421,549.112060546875,396.31512451171875,0.80808424949646,175.9499053955078,383.57135009765625,0.9423083662986755,498.4913330078125,480.0,0.6204107999801636,209.69122314453125,475.46051025390625,0.826906144618988,424.81353759765625,467.8052978515625,0.28171804547309875,269.194091796875,464.1371765136719,0.4007468521595001,450.5474853515625,445.4389953613281,0.004022642504423857,251.98789978027344,429.2863464355469,0.0066435509361326694,410.80181884765625,459.02099609375,0.0005689063109457493,302.2027587890625,427.53277587890625,0.0007530022412538528,1
395.45794677734375,133.25831604003906,0.9976050853729248,423.1080322265625,109.84281921386719,0.991925060749054,369.2159729003906,108.29176330566406,0.9952127933502197,458.1409606933594,122.29399108886719,0.8852314352989197,331.0572509765625,119.24150085449219,0.9295636415481567,501.708251953125,233.96929931640625,0.9875081181526184,262.085205078125,228.3317413330078,0.9961540102958679,549.8079223632812,395.7793273925781,0.7928466796875,174.99095153808594,386.59368896484375,0.9402497410774231,498.4568176269531,480.0,0.6067759394645691,213.20925903320312,476.52001953125,0.8259974718093872,422.7169189453125,468.4534912109375,0.2589550018310547,268.53399658203125,465.3084411621094,0.3766705393791199,447.43133544921875,442.8700256347656,0.0038167957682162523,255.07684326171875,428.83245849609375,0.006465235725045204,399.5600891113281,456.9598388671875,0.0005627216887660325,304.34100341796875,428.4686279296875,0.00075222656596452,1
395.66253662109375,132.73794555664062,0.9976835250854492,423.8647155761719,108.946533203125,0.9920348525047302,368.90234375,107.34930419921875,0.9954348206520081,459.4501953125,121.93121337890625,0.8815539479255676,330.0881652832031,118.82998657226562,0.9300397634506226,501.1873779296875,234.03134155273438,0.9869303703308105,262.975341796875,228.23199462890625,0.9962079524993896,548.817626953125,395.8519287109375,0.7880156636238098,175.34959411621094,385.87841796875,0.9432073831558228,497.3198547363281,480.0,0.6061044931411743,210.17405700683594,477.90582275390625,0.8339047431945801,421.71734619140625,466.0760498046875,0.25900575518608093,268.19696044921875,462.9999694824219,0.38431090116500854,446.3821105957031,441.438720703125,0.0038040566723793745,254.90863037109375,429.1107177734375,0.006646251305937767,397.1405334472656,451.8328552246094,0.0005650518578477204,300.67010498046875,426.5414733886719,0.0007665473385713995,1
395.7958984375,132.47073364257812,0.9975941777229309,424.0047302246094,108.93930053710938,0.9919039607048035,369.245361328125,107.07987976074219,0.995287299156189,459.253662109375,121.99334716796875,0.8839808702468872,330.3714294433594,118.29521179199219,0.9302030205726624,501.67681884765625,233.67843627929688,0.9872040152549744,262.3827819824219,228.16543579101562,0.99616938829422,549.4415893554688,396.2428894042969,0.7824772000312805,176.0648956298828,387.438232421875,0.9385676383972168,497.0534362792969,480.0,0.5854905843734741,209.99172973632812,477.5898742675781,0.8169516324996948,423.186767578125,466.687255859375,0.25262579321861267,269.5625,463.5615234375,0.37185004353523254,447.2901611328125,442.48724365234375,0.003748467890545726,257.740966796875,428.6650390625,0.006416543386876583,397.77056884765625,454.14013671875,0.0005630508530884981,307.2939453125,426.6029052734375,0.0007574687479063869,1
395.4149169921875,131.5507354736328,0.9976010918617249,423.5696105957031,108.10964965820312,0.9920153617858887,368.9729309082031,106.29573059082031,0.9952111840248108,458.902587890625,121.62931823730469,0.8880308866500854,330.4488220214844,118.07772827148438,0.9291221499443054,501.93170166015625,234.12850952148438,0.9876232147216797,262.28399658203125,229.33978271484375,0.996211051940918,550.2323608398438,396.6386413574219,0.7853631377220154,176.36807250976562,389.64080810546875,0.937751293182373,497.86651611328125,480.0,0.5907689929008484,210.6094512939453,477.67449951171875,0.8160512447357178,422.73443603515625,467.4223327636719,0.2556772530078888,269.11700439453125,464.40576171875,0.37288668751716614,445.76910400390625,443.6434326171875,0.003830532543361187,256.80413818359375,429.73248291015625,0.006495998706668615,394.8951416015625,455.8193359375,0.000564799876883626,306.07757568359375,428.0235900878906,0.0007558365468867123,1
395.7002868652344,131.88906860351562,0.9976143836975098,423.6292724609375,109.15921020507812,0.9919561147689819,370.35711669921875,106.62965393066406,0.995170533657074,458.1064453125,122.226806640625,0.888052225112915,332.455810546875,116.822509765625,0.9299654364585876,501.29766845703125,233.71380615234375,0.9883366227149963,262.0088806152344,226.8555908203125,0.9963484406471252,550.1275024414062,396.8007507324219,0.7989788055419922,176.0348358154297,387.33349609375,0.940735936164856,498.7509460449219,480.0,0.6016793251037598,210.7715301513672,479.5211181640625,0.81796795129776,423.59765625,467.60174560546875,0.2660558223724365,269.86895751953125,463.9066467285156,0.38292571902275085,448.5191650390625,443.6561279296875,0.0038765782956033945,255.99696350097656,428.3837890625,0.006480512674897909,401.5877990722656,456.00634765625,0.0005664962809532881,307.7779541015625,427.2025146484375,0.0007532494491897523,1
395.7002868652344,131.88906860351562,0.9976143836975098,423.6292724609375,109.15921020507812,0.9919561147689819,370.35711669921875,106.62965393066406,0.995170533657074,458.1064453125,122.226806640625,0.888052225112915,332.455810546875,116.822509765625,0.9299654364585876,501.29766845703125,233.71380615234375,0.9883366227149963,262.0088806152344,226.8555908203125,0.9963484406471252,550.1275024414062,396.8007507324219,0.7989788055419922,176.0348358154297,387.33349609375,0.940735936164856,498.7509460449219,480.0,0.6016793251037598,210.7715301513672,479.5211181640625,0.81796795129776,423.59765625,467.60174560546875,0.2660558223724365,269.86895751953125,463.9066467285156,0.38292571902275085,448.5191650390625,443.6561279296875,0.0038765782956033945,255.99696350097656,428.3837890625,0.006480512674897909,401.5877990722656,456.00634765625,0.0005664962809532881,307.7779541015625,427.2025146484375,0.0007532494491897523,1
396.2630920410156,132.34487915039062,0.997548520565033,423.4534606933594,108.42887878417969,0.9917383790016174,369.9469299316406,107.10293579101562,0.9950835704803467,458.07818603515625,119.4930419921875,0.8843933343887329,331.7367248535156,117.1751708984375,0.9290559887886047,502.8855285644531,232.8487091064453,0.9878554940223694,262.4794006347656,227.65028381347656,0.9961575865745544,549.4336547851562,397.1365051269531,0.7889567613601685,176.06373596191406,388.1515808105469,0.936582624912262,497.1297302246094,480.0,0.5934717655181885,210.85203552246094,477.946533203125,0.8128026127815247,423.2212219238281,467.08807373046875,0.25461962819099426,269.277099609375,463.6283264160156,0.36853519082069397,446.4481506347656,443.4872741699219,0.0038913630414754152,256.0316162109375,427.0105895996094,0.006460933480411768,400.08111572265625,455.88043212890625,0.0005869346205145121,306.4107666015625,423.6300354003906,0.0007790334057062864,1
395.15679931640625,133.01937866210938,0.99757319688797,423.5025329589844,109.36830139160156,0.9921520352363586,369.07415771484375,107.28477478027344,0.9949746131896973,459.0467224121094,121.62973022460938,0.8926818370819092,330.91925048828125,117.38539123535156,0.9244149327278137,502.3830261230469,233.56875610351562,0.9880102276802063,262.0836181640625,228.02713012695312,0.9960618615150452,550.0205078125,395.7015380859375,0.7938711047172546,176.81613159179688,387.93841552734375,0.9352276921272278,498.45355224609375,480.0,0.5999057292938232,210.48605346679688,476.555419921875,0.8101368546485901,422.4173583984375,468.0178527832031,0.25851672887802124,268.402099609375,464.28900146484375,0.3686554431915283,444.1715393066406,444.20953369140625,0.0038958126679062843,253.7432098388672,427.9627380371094,0.0063630701042711735,395.20928955078125,456.2733154296875,0.0005833246395923197,304.67462158203125,425.33892822265625,0.0007652033236809075,1
395.8272705078125,132.32974243164062,0.9975858926773071,424.323974609375,108.84542846679688,0.9920559525489807,369.6275329589844,106.95504760742188,0.9951297044754028,459.97088623046875,122.10760498046875,0.8898971080780029,331.29827880859375,118.189208984375,0.9266993999481201,501.9817199707031,234.25045776367188,0.9873318076133728,262.8906555175781,228.78445434570312,0.9961292743682861,549.70556640625,396.171630859375,0.7837417125701904,176.3218231201172,387.75836181640625,0.936356246471405,496.2569580078125,480.0,0.5894634127616882,210.13333129882812,478.3809509277344,0.8116297125816345,421.8583984375,468.10992431640625,0.24884642660617828,268.6218566894531,464.8677673339844,0.36413657665252686,442.82598876953125,443.1607971191406,0.0037253776099532843,255.58033752441406,429.41766357421875,0.006254021544009447,394.3812255859375,454.32568359375,0.000565626542083919,308.32855224609375,427.0954895019531,0.0007510483264923096,1
396.9227600097656,132.08311462402344,0.9975720047950745,423.7373352050781,108.46656799316406,0.9916412830352783,370.2189636230469,107.54634094238281,0.9952614903450012,457.60528564453125,120.74870300292969,0.878534197807312,331.1944885253906,119.35665893554688,0.9327571988105774,502.4252014160156,233.7998504638672,0.9877923130989075,261.9523010253906,229.5062713623047,0.9960373044013977,549.5595703125,396.9859619140625,0.7874295115470886,176.00234985351562,389.00457763671875,0.9335736036300659,499.08636474609375,480.0,0.5840023756027222,210.50706481933594,477.60943603515625,0.8034895658493042,422.4331970214844,467.9455871582031,0.25336650013923645,268.05194091796875,464.8161315917969,0.3630765676498413,444.7464599609375,444.7022705078125,0.0038272549863904715,252.9027862548828,428.48565673828125,0.006208258215337992,399.85009765625,457.5858154296875,0.0005769831477664411,303.3103332519531,424.529296875,0.0007512945448979735,1
396.9444580078125,132.44651794433594,0.997681736946106,424.3512878417969,109.25459289550781,0.9919191002845764,370.543701171875,107.70880126953125,0.9954777359962463,458.6683044433594,122.56172180175781,0.8807194828987122,331.61798095703125,119.63450622558594,0.9330503940582275,502.6869201660156,234.61949157714844,0.9877926707267761,262.4852294921875,228.65496826171875,0.9962722063064575,551.224609375,397.0950622558594,0.798775315284729,176.3571319580078,386.276123046875,0.9433442950248718,497.66485595703125,480.0,0.6101351380348206,212.26611328125,476.0538635253906,0.8307957649230957,423.7705078125,468.19873046875,0.2741066813468933,268.3223571777344,464.6978759765625,0.3967384696006775,451.029296875,445.0931091308594,0.003840494668111205,252.32354736328125,430.38720703125,0.0065232194028794765,405.93463134765625,456.9115295410156,0.0005511277704499662,299.5812683105469,427.61761474609375,0.0007363436161540449,1
397.2606201171875,133.49908447265625,0.9976256489753723,424.5697326660156,109.9989013671875,0.9916222095489502,370.83245849609375,108.40325927734375,0.995370090007782,458.5587158203125,122.11393737792969,0.8771883845329285,331.52783203125,119.05642700195312,0.933340847492218,502.57843017578125,234.78543090820312,0.9875226616859436,262.47955322265625,228.64242553710938,0.9963104128837585,550.6275024414062,397.44244384765625,0.7858077883720398,175.35928344726562,386.7576599121094,0.9407515525817871,495.9648132324219,480.0,0.5955848097801208,210.8531494140625,478.6146240234375,0.8235637545585632,423.0306701660156,468.2593078613281,0.25561681389808655,269.0982666015625,464.34893798828125,0.3780503571033478,441.2511901855469,444.27764892578125,0.0038115906063467264,251.6168212890625,428.9734191894531,0.006476139649748802,392.2846984863281,456.39007568359375,0.0005676018190570176,300.9735412597656,426.24957275390625,0.0007581320242024958,1
397.5947265625,134.30303955078125,0.9976649284362793,424.0002136230469,110.59236145019531,0.9915444850921631,370.84356689453125,109.55583190917969,0.9955134987831116,457.4570617675781,121.90707397460938,0.8692063689231873,331.2778625488281,120.37005615234375,0.9354938268661499,502.60394287109375,234.74935913085938,0.9872698783874512,262.0761413574219,229.7242431640625,0.9962025284767151,550.7654418945312,397.8507080078125,0.7863802909851074,173.64747619628906,388.2161865234375,0.9407798051834106,494.8760070800781,480.0,0.6049731373786926,212.52581787109375,477.0301513671875,0.8324781060218811,423.8735656738281,469.135498046875,0.24425290524959564,269.3288879394531,465.90185546875,0.362531453371048,446.447265625,439.9014892578125,0.0037119495682418346,253.88775634765625,425.4682312011719,0.006317827384918928,395.4394836425781,455.03179931640625,0.000568286282941699,299.58203125,424.7259826660156,0.0007586943102069199,1
397.8890075683594,134.8665008544922,0.9975850582122803,424.9284973144531,111.26799011230469,0.9915305376052856,371.08203125,110.00682067871094,0.9953219294548035,458.907958984375,123.26774597167969,0.8749445676803589,331.67156982421875,121.10096740722656,0.9339237809181213,502.6192932128906,235.37278747558594,0.9876514673233032,262.8501281738281,229.3320770263672,0.9961129426956177,549.5119018554688,396.8857727050781,0.7903752326965332,175.74949645996094,385.9835205078125,0.9377726316452026,497.78082275390625,480.0,0.5996338725090027,211.80780029296875,477.4595947265625,0.8185732960700989,423.0587158203125,468.1158447265625,0.2556672990322113,269.1971740722656,464.5357666015625,0.36963051557540894,446.2090148925781,442.6151123046875,0.0038887057453393936,256.33154296875,426.80059814453125,0.006430642679333687,399.2533264160156,456.1934509277344,0.0005881497636437416,305.68536376953125,424.61279296875,0.0007740964647382498,1
397.4277038574219,134.5283966064453,0.9975627660751343,425.11260986328125,111.10646057128906,0.9917610883712769,370.74176025390625,109.47198486328125,0.995293915271759,459.69732666015625,123.94969177246094,0.8801059126853943,331.49346923828125,120.75347900390625,0.9327149391174316,502.84832763671875,235.79632568359375,0.9870633482933044,262.5854187011719,229.455810546875,0.9960363507270813,550.169677734375,397.3883972167969,0.7779979705810547,174.77740478515625,386.67694091796875,0.9351710677146912,498.8280944824219,480.0,0.5840492248535156,211.85816955566406,477.27874755859375,0.812861979007721,424.072265625,467.596435546875,0.24073147773742676,270.1438293457031,464.12432861328125,0.35413360595703125,445.86041259765625,440.1982421875,0.0037567822728306055,257.04302978515625,425.5230712890625,0.0063124713487923145,396.9339294433594,453.628662109375,0.0005892680492252111,307.6191101074219,424.3103332519531,0.000783015217166394,1
397.607421875,134.7794952392578,0.9976623058319092,425.2248229980469,111.2174072265625,0.9918714761734009,370.5371398925781,109.91300964355469,0.9955778121948242,459.8843078613281,124.30619812011719,0.8776659369468689,330.86810302734375,121.89498901367188,0.936394453048706,503.6950378417969,235.9168701171875,0.9869237542152405,261.5909118652344,230.59974670410156,0.9962741136550903,550.2898559570312,396.1586608886719,0.780441164970398,173.22637939453125,387.02850341796875,0.9408769011497498,498.1919860839844,480.0,0.5881481170654297,211.71923828125,477.76922607421875,0.8247291445732117,425.2746276855469,469.50921630859375,0.2489013820886612,269.44952392578125,466.42193603515625,0.37178733944892883,448.2152099609375,441.78094482421875,0.0036575470585376024,253.39395141601562,427.0167236328125,0.006300762761384249,400.6324462890625,456.66485595703125,0.0005594781250692904,303.1914978027344,426.1964111328125,0.0007552588358521461,1
397.66192626953125,133.8763885498047,0.9977395534515381,425.3226318359375,110.58335876464844,0.9920646548271179,370.2645568847656,109.34611511230469,0.9956929087638855,460.11065673828125,124.99270629882812,0.8779070973396301,330.29998779296875,122.83734130859375,0.9362764358520508,503.39227294921875,236.23190307617188,0.9874781370162964,262.0132141113281,230.50277709960938,0.9963726997375488,549.6795654296875,397.749267578125,0.7983934879302979,172.97019958496094,387.00213623046875,0.9463374018669128,496.237548828125,480.0,0.6159945726394653,211.9918212890625,477.42474365234375,0.8406326770782471,425.3026123046875,467.7638244628906,0.27697932720184326,268.7341613769531,464.7896728515625,0.4053356349468231,451.8516845703125,442.87432861328125,0.0038566344883292913,251.7673797607422,430.1388854980469,0.006649362854659557,403.857177734375,455.7165222167969,0.0005458912928588688,295.8746032714844,428.62799072265625,0.0007322468445636332,1
397.685546875,134.27394104003906,0.9976916313171387,425.088134765625,110.76983642578125,0.9920055270195007,370.65325927734375,109.51591491699219,0.9955138564109802,459.46014404296875,123.98905944824219,0.8787937164306641,330.8255920410156,121.71351623535156,0.9341787099838257,503.2437438964844,235.79098510742188,0.9878203272819519,261.7423095703125,230.12847900390625,0.9962579011917114,550.0111694335938,398.05572509765625,0.8012169003486633,172.673583984375,387.322021484375,0.9425556063652039,495.9055480957031,480.0,0.6155039072036743,211.8394317626953,476.5228271484375,0.8322798609733582,425.7298889160156,468.5252990722656,0.2748202085494995,269.49407958984375,465.47509765625,0.39538878202438354,450.2877502441406,444.3493957519531,0.003884576028212905,251.67672729492188,430.95245361328125,0.006458277348428965,403.9143371582031,456.51141357421875,0.0005563147133216262,298.3935852050781,428.0523376464844,0.0007298384443856776,1
398.4017333984375,133.83648681640625,0.997736930847168,425.8416442871094,110.37928771972656,0.9919662475585938,370.93414306640625,109.40809631347656,0.9957131147384644,460.4130554199219,124.33512878417969,0.8762847185134888,330.85687255859375,122.72613525390625,0.9378876686096191,504.00634765625,235.7789306640625,0.9875396490097046,261.8583984375,230.27476501464844,0.9964669942855835,549.0914916992188,396.77215576171875,0.7989022731781006,172.25115966796875,386.05157470703125,0.9469264149665833,496.517578125,480.0,0.6133054494857788,211.55935668945312,477.60791015625,0.8400688171386719,425.6844482421875,467.4677734375,0.27972400188446045,268.7519836425781,464.50006103515625,0.4101525843143463,450.56890869140625,443.3250732421875,0.0038932336028665304,249.9556121826172,429.7242431640625,0.006690179463475943,405.05731201171875,456.36761474609375,0.0005506638553924859,295.78460693359375,427.38580322265625,0.0007382708718068898,1
398.11822509765625,134.40798950195312,0.9977090358734131,425.86419677734375,110.34237670898438,0.9921284914016724,370.5458984375,109.34532165527344,0.9956068396568298,460.92767333984375,123.28701782226562,0.8755220770835876,330.41357421875,121.59953308105469,0.9318090081214905,503.70257568359375,235.64161682128906,0.9861315488815308,262.96954345703125,229.73699951171875,0.9959426522254944,549.9403076171875,397.8465576171875,0.7821996808052063,172.66580200195312,386.03594970703125,0.940056562423706,496.3424072265625,480.0,0.6031046509742737,211.5187225341797,478.60882568359375,0.830247700214386,424.82537841796875,468.0505065917969,0.24658840894699097,269.03277587890625,464.92596435546875,0.36727383732795715,446.7103576660156,439.0711364746094,0.0036555142141878605,249.43333435058594,427.03558349609375,0.006226742640137672,398.4552307128906,451.4269104003906,0.0005666296347044408,293.49603271484375,425.297607421875,0.0007513776072300971,1
398.0804748535156,133.99026489257812,0.9977118968963623,426.00567626953125,109.9837646484375,0.9920698404312134,370.2489318847656,108.97064208984375,0.9956426620483398,461.21258544921875,123.68417358398438,0.8773608207702637,329.89959716796875,122.10884094238281,0.9346892833709717,503.80841064453125,236.2308349609375,0.986955463886261,261.737060546875,231.216796875,0.9961739182472229,548.9071655273438,397.83428955078125,0.7869333028793335,172.21484375,388.5059509277344,0.9410969614982605,495.09576416015625,480.0,0.6020562052726746,210.82025146484375,479.6040344238281,0.8285382986068726,423.16021728515625,467.7576904296875,0.2603451907634735,266.8685302734375,464.888427734375,0.38268575072288513,446.6284484863281,442.1617126464844,0.00379272922873497,250.41436767578125,429.42034912109375,0.006440665572881699,396.7925109863281,454.4383544921875,0.0005612326203845441,294.8583984375,427.1036682128906,0.0007438938482664526,1
397.8768310546875,134.40660095214844,0.997719943523407,425.7637634277344,110.70870971679688,0.9921635389328003,370.91497802734375,109.19132995605469,0.9955352544784546,460.64129638671875,123.83441162109375,0.8809047341346741,331.4310607910156,120.98713684082031,0.9326490163803101,503.56439208984375,235.6392059326172,0.9872080683708191,262.1672668457031,230.117431640625,0.9961897730827332,549.26171875,396.09417724609375,0.7933369874954224,173.48619079589844,387.48797607421875,0.9420591592788696,498.53863525390625,480.0,0.6078691482543945,210.2469940185547,478.3280944824219,0.8288064002990723,422.42205810546875,468.83453369140625,0.26783448457717896,266.43359375,465.2872314453125,0.3903437852859497,444.5864562988281,444.63372802734375,0.0038775138091295958,246.057861328125,429.7694396972656,0.006533836480230093,395.56170654296875,458.41455078125,0.0005652051186189055,290.1941223144531,428.5068359375,0.0007484732195734978,1
398.03118896484375,134.49671936035156,0.9976760745048523,425.98284912109375,110.92181396484375,0.9920883774757385,371.149169921875,109.377197265625,0.9954712390899658,460.83026123046875,124.18168640136719,0.8808146119117737,331.5674133300781,121.21446228027344,0.9326125383377075,503.24945068359375,235.42495727539062,0.9873472452163696,261.5782470703125,230.19796752929688,0.9961036443710327,549.872802734375,396.48114013671875,0.7947604656219482,172.25770568847656,388.4496765136719,0.9393749237060547,497.940185546875,480.0,0.6071587204933167,210.17652893066406,478.1597900390625,0.8235426545143127,422.35247802734375,468.183837890625,0.26128169894218445,266.2023010253906,465.1727294921875,0.3767617642879486,447.2525939941406,442.2713623046875,0.003789170878008008,249.31814575195312,428.70281982421875,0.00626846170052886,398.5834655761719,454.59112548828125,0.0005647888174280524,295.63336181640625,426.3038330078125,0.0007379811140708625,1
398.13250732421875,135.00955200195312,0.9976710677146912,425.90863037109375,110.94384765625,0.992137610912323,371.13909912109375,109.57974243164062,0.9953938722610474,460.7972412109375,122.77548217773438,0.8805403113365173,331.5564880371094,120.29522705078125,0.9295369386672974,503.83209228515625,234.71841430664062,0.987092912197113,262.0423278808594,228.92916870117188,0.9958622455596924,550.07861328125,396.5693054199219,0.7912837266921997,172.80262756347656,386.45562744140625,0.9358839988708496,497.4828796386719,480.0,0.6068224310874939,209.6592559814453,476.74267578125,0.8188600540161133,421.89642333984375,469.1024169921875,0.25292152166366577,265.98187255859375,465.50408935546875,0.36362525820732117,444.7550048828125,442.427490234375,0.0037907103542238474,248.39198303222656,427.5873718261719,0.006174624897539616,396.23193359375,456.17388916015625,0.0005782248335890472,294.41827392578125,426.1916809082031,0.000748945923987776,1
398.4161071777344,134.12167358398438,0.9977222084999084,426.30780029296875,110.54840087890625,0.9920356869697571,371.406982421875,109.01118469238281,0.9956091046333313,461.1456604003906,123.7520751953125,0.8771457672119141,331.6714172363281,120.7259521484375,0.934745728969574,503.41973876953125,235.37548828125,0.9871604442596436,262.5216979980469,228.63131713867188,0.9963047504425049,549.4437255859375,396.9292297363281,0.7944140434265137,172.79306030273438,385.44842529296875,0.9448922872543335,497.3583984375,480.0,0.6135475039482117,213.23817443847656,478.2645568847656,0.8376200199127197,423.81707763671875,468.3971252441406,0.2720108926296234,267.96759033203125,464.9310302734375,0.3994579017162323,446.6474304199219,444.821044921875,0.003811514237895608,249.5927276611328,431.59130859375,0.006540609057992697,398.5533752441406,456.6594543457031,0.0005481933476403356,294.9612731933594,429.2034912109375,0.0007317480631172657,1
398.4161071777344,134.12167358398438,0.9977222084999084,426.30780029296875,110.54840087890625,0.9920356869697571,371.406982421875,109.01118469238281,0.9956091046333313,461.1456604003906,123.7520751953125,0.8771457672119141,331.6714172363281,120.7259521484375,0.934745728969574,503.41973876953125,235.37548828125,0.9871604442596436,262.5216979980469,228.63131713867188,0.9963047504425049,549.4437255859375,396.9292297363281,0.7944140434265137,172.79306030273438,385.44842529296875,0.9448922872543335,497.3583984375,480.0,0.6135475039482117,213.23817443847656,478.2645568847656,0.8376200199127197,423.81707763671875,468.3971252441406,0.2720108926296234,267.96759033203125,464.9310302734375,0.3994579017162323,446.6474304199219,444.821044921875,0.003811514237895608,249.5927276611328,431.59130859375,0.006540609057992697,398.5533752441406,456.6594543457031,0.0005481933476403356,294.9612731933594,429.2034912109375,0.0007317480631172657,1
341.3636169433594,95.64552307128906,0.9979608058929443,361.94171142578125,79.843505859375,0.9931948184967041,324.3276062011719,77.84127807617188,0.9934669137001038,386.4833984375,100.17636108398438,0.9047170281410217,298.9355773925781,95.18540954589844,0.8853940367698669,433.052978515625,211.28001403808594,0.9928938746452332,243.04202270507812,208.37051391601562,0.9965924620628357,488.6498107910156,344.8116760253906,0.9378017783164978,188.06771850585938,343.1191711425781,0.9677465558052063,492.3916015625,445.9017028808594,0.8099706768989563,185.7519073486328,445.0409851074219,0.8660176396369934,400.69195556640625,461.972900390625,0.6772221326828003,268.6229553222656,459.9100036621094,0.7410422563552856,433.84942626953125,480.0,0.007593186106532812,207.41415405273438,457.9836730957031,0.009511136449873447,474.7027282714844,480.0,0.0005961662973277271,261.1259460449219,452.8944091796875,0.0006903065950609744,0
341.1783752441406,95.88848876953125,0.9979495406150818,361.8993835449219,79.96514892578125,0.9933547973632812,324.271484375,77.82846069335938,0.9931868314743042,386.72576904296875,100.16627502441406,0.9089670777320862,299.232421875,94.84574890136719,0.8797701001167297,433.61859130859375,212.1780242919922,0.9930777549743652,242.91531372070312,208.76934814453125,0.99642014503479,489.4100341796875,345.3747863769531,0.9387883543968201,187.6435089111328,343.2343444824219,0.9650932550430298,494.4129638671875,445.4237976074219,0.8142215013504028,186.241943359375,444.74237060546875,0.8600737452507019,400.8886413574219,463.2598876953125,0.6609681844711304,268.8373718261719,460.9439697265625,0.7191551327705383,433.6005554199219,477.97076416015625,0.007441829424351454,208.5019989013672,454.24359130859375,0.009001697413623333,474.3478088378906,480.0,0.0006049645016901195,263.9102783203125,449.76397705078125,0.0006867714109830558,0
341.86297607421875,95.84384155273438,0.9979351758956909,362.208740234375,80.13998413085938,0.99313884973526,324.81158447265625,78.12930297851562,0.9932422041893005,386.2418518066406,100.57740783691406,0.9047186374664307,299.27276611328125,95.63844299316406,0.883953869342804,433.0660400390625,212.33529663085938,0.9932966828346252,242.73500061035156,209.19866943359375,0.9963823556900024,489.4371643066406,345.1945495605469,0.9406132102012634,188.5413818359375,343.33807373046875,0.9642318487167358,495.544921875,445.8727111816406,0.8138779997825623,185.201171875,446.4892578125,0.8548377156257629,400.0889587402344,463.0664978027344,0.6638188362121582,268.3157043457031,460.8932800292969,0.716606080532074,434.488037109375,478.5072326660156,0.007463815156370401,210.07177734375,454.30596923828125,0.00880876462906599,476.8843994140625,480.0,0.0006051905220374465,266.3709716796875,449.18084716796875,0.0006763544515706599,0
340.6418151855469,96.70109558105469,0.9979481101036072,361.0317687988281,80.27433776855469,0.9932206869125366,323.6775207519531,78.4503173828125,0.993198573589325,385.55078125,99.46003723144531,0.9059860110282898,298.6488342285156,94.94773864746094,0.8797301650047302,432.76800537109375,212.08926391601562,0.9931173324584961,242.82290649414062,209.79348754882812,0.9963648915290833,488.4892578125,344.2380065917969,0.9393432140350342,189.8303985595703,343.72003173828125,0.9645313024520874,495.13092041015625,444.33660888671875,0.8138982057571411,185.30288696289062,445.0694580078125,0.8571351170539856,400.3744812011719,463.1905517578125,0.6634430885314941,268.9596862792969,461.17388916015625,0.7192524075508118,434.9642028808594,479.15155029296875,0.007568056229501963,209.7418975830078,454.33380126953125,0.009061770513653755,479.3306884765625,480.0,0.0006156106246635318,265.7005615234375,449.270263671875,0.0006974503048695624,0
341.0410461425781,97.12551879882812,0.9978874325752258,361.17572021484375,80.63006591796875,0.9931681156158447,323.9582214355469,79.20831298828125,0.9929306507110596,385.71722412109375,99.56465148925781,0.9093653559684753,299.19384765625,95.98698425292969,0.878909170627594,433.6882019042969,212.17184448242188,0.9934618473052979,243.03347778320312,210.13943481445312,0.9963879585266113,488.8596496582031,345.0772705078125,0.9409658312797546,188.85264587402344,344.3369445800781,0.9632198214530945,495.3193359375,444.59619140625,0.8139414191246033,185.52056884765625,446.3821716308594,0.8502709865570068,400.09857177734375,462.83233642578125,0.6692976355552673,268.6064147949219,460.8803405761719,0.7195304036140442,432.9768371582031,480.0,0.007748340722173452,210.1211395263672,454.8976135253906,0.009023907594382763,478.46380615234375,480.0,0.0006253723404370248,268.0378112792969,448.3893737792969,0.0006965628126636147,0
341.44757080078125,97.18048095703125,0.99796462059021,361.781005859375,80.99153137207031,0.993150532245636,324.9129333496094,78.75373840332031,0.9932181239128113,385.75640869140625,99.78553771972656,0.9027626514434814,299.87530517578125,94.21127319335938,0.8804320096969604,431.8276672363281,211.130126953125,0.993190586566925,243.78494262695312,208.01873779296875,0.9964361190795898,487.73309326171875,344.8781433105469,0.94135981798172,190.21844482421875,343.41668701171875,0.9660282731056213,494.5978088378906,446.32183837890625,0.8179510235786438,186.19760131835938,446.08203125,0.8625448942184448,401.1080322265625,462.32080078125,0.6647252440452576,270.71807861328125,460.35498046875,0.7209615707397461,436.64471435546875,476.14385986328125,0.007749682758003473,212.1655731201172,452.6822509765625,0.009325647726655006,479.53826904296875,480.0,0.0006367538589984179,266.8616943359375,449.7388916015625,0.0007212671334855258,0
341.3040771484375,96.87196350097656,0.9979811310768127,361.7013854980469,80.7779541015625,0.9932181239128113,324.0321044921875,79.06024169921875,0.99338299036026,386.0908203125,100.88371276855469,0.9045121669769287,298.5809631347656,96.63899230957031,0.88263338804245,433.1486511230469,213.0389862060547,0.9930025935173035,243.49658203125,210.75421142578125,0.9964635968208313,488.9759521484375,345.1768798828125,0.9386386275291443,190.2763671875,344.22833251953125,0.9660887122154236,495.0910949707031,445.4835205078125,0.8143137693405151,185.69107055664062,446.76708984375,0.8621279001235962,400.8771667480469,463.4842529296875,0.662734866142273,269.50714111328125,461.5099792480469,0.7232237458229065,433.2098083496094,477.3428039550781,0.00768150994554162,208.47900390625,453.6785888671875,0.00936923362314701,475.9301452636719,480.0,0.000630691705737263,263.6161804199219,450.2878723144531,0.0007203295244835317,0
342.3210144042969,96.92347717285156,0.9979692101478577,362.6885986328125,81.03739929199219,0.9930261373519897,325.3785095214844,79.01905822753906,0.9935024380683899,386.8388366699219,100.55810546875,0.8975287675857544,300.03466796875,95.45722961425781,0.8862085938453674,432.0101013183594,210.5476837158203,0.9925557971000671,244.80364990234375,207.5015106201172,0.9964882135391235,487.5904541015625,344.0135498046875,0.9351997375488281,189.29953002929688,342.6398010253906,0.9669304490089417,496.3969421386719,444.9815979003906,0.8072169423103333,185.9647216796875,445.53009033203125,0.8655605912208557,399.70281982421875,460.3040771484375,0.6479476094245911,270.02032470703125,458.4229431152344,0.7156726121902466,430.99609375,472.180908203125,0.007616447750478983,210.551025390625,450.3503112792969,0.009593808092176914,469.066650390625,480.0,0.0006413317169062793,262.78955078125,448.6749267578125,0.0007435997249558568,0
342.01373291015625,97.22335815429688,0.9979935884475708,362.1379699707031,81.00321960449219,0.9930557608604431,324.52294921875,79.60844421386719,0.9936866164207458,386.25823974609375,100.3089599609375,0.8970445394515991,298.68804931640625,96.71224975585938,0.889172375202179,432.5093994140625,210.26397705078125,0.9927579164505005,243.665283203125,208.25836181640625,0.9965322017669678,488.47900390625,343.88189697265625,0.9378696084022522,188.71200561523438,342.7751770019531,0.9677626490592957,496.3025207519531,445.4859313964844,0.809721827507019,185.5057830810547,445.031005859375,0.8664776682853699,400.33270263671875,461.29718017578125,0.6698557138442993,268.9046936035156,459.8389892578125,0.7337289452552795,434.36163330078125,477.4361572265625,0.007551196031272411,208.91552734375,455.43646240234375,0.009427922777831554,476.95220947265625,480.0,0.000606237503234297,261.7682189941406,451.2120361328125,0.0006990515976212919,0
341.7322692871094,97.45474243164062,0.9979618787765503,361.9765930175781,81.26718139648438,0.9931305050849915,324.4999694824219,79.66415405273438,0.9934529066085815,386.26483154296875,100.46798706054688,0.9014248251914978,299.0701599121094,96.39479064941406,0.8863064050674438,432.6104431152344,210.39453125,0.9928603768348694,243.79299926757812,208.84945678710938,0.9965453743934631,488.14898681640625,343.7239685058594,0.9379059076309204,188.4984130859375,344.5955505371094,0.9668991565704346,495.9022216796875,445.6669616699219,0.8086881041526794,185.70294189453125,446.4463195800781,0.8629184365272522,401.39959716796875,461.9864196777344,0.6636192798614502,270.31304931640625,460.7191162109375,0.7265191674232483,434.5079040527344,477.2530517578125,0.007498604711145163,210.75779724121094,454.972412109375,0.009271031245589256,475.86029052734375,480.0,0.0006121641490608454,265.0452880859375,450.6235046386719,0.0007040351629257202,0
340.95068359375,97.52018737792969,0.9979224801063538,361.26220703125,81.43231201171875,0.993208110332489,323.6001892089844,80.00144958496094,0.9932268261909485,385.9413757324219,101.34773254394531,0.9064866900444031,298.38092041015625,97.71417236328125,0.8816955089569092,433.12127685546875,212.27072143554688,0.9929782748222351,243.39990234375,210.56829833984375,0.9964224100112915,488.74151611328125,344.4190673828125,0.9381404519081116,188.52203369140625,343.97906494140625,0.9651843309402466,494.94329833984375,445.14434814453125,0.810641348361969,185.37184143066406,444.8910827636719,0.8588374257087708,400.90643310546875,461.7908935546875,0.6703388094902039,269.56378173828125,460.2454833984375,0.7287678718566895,432.75238037109375,479.6927490234375,0.007689892314374447,209.6361846923828,457.1012878417969,0.009334630332887173,474.98876953125,480.0,0.0006102342740632594,264.72113037109375,452.2021484375,0.0006939971935935318,0
340.98236083984375,96.94497680664062,0.9979345798492432,361.3510437011719,80.91502380371094,0.9932057857513428,323.4561767578125,79.43771362304688,0.9933640956878662,385.7347412109375,101.54060363769531,0.9062838554382324,297.8161315917969,97.81417846679688,0.8864140510559082,433.7687683105469,213.861572265625,0.9928597211837769,241.69818115234375,212.67213439941406,0.9964599013328552,488.9391784667969,345.07965087890625,0.9354074597358704,188.01116943359375,346.3843688964844,0.9643712043762207,495.84320068359375,446.2872619628906,0.8026502728462219,185.96385192871094,444.8586730957031,0.8549641370773315,401.792724609375,465.52301025390625,0.6515757441520691,268.9893493652344,463.90789794921875,0.7139267325401306,432.6629333496094,480.0,0.007121755741536617,206.4024658203125,455.61187744140625,0.008656126447021961,476.546875,480.0,0.000587797025218606,264.8326416015625,450.14471435546875,0.0006716425414197147,0
340.6940612792969,96.879150390625,0.9979732632637024,361.1122741699219,80.57014465332031,0.9932069182395935,322.9278869628906,79.13233947753906,0.9934948086738586,385.666748046875,100.86245727539062,0.9029029607772827,296.8588562011719,97.32487487792969,0.8850258588790894,432.7885437011719,213.17800903320312,0.9927594661712646,242.06985473632812,212.1612548828125,0.996408998966217,488.606689453125,342.7825927734375,0.9370307922363281,188.62405395507812,343.9847106933594,0.9656888842582703,493.91986083984375,443.53533935546875,0.8137838840484619,185.26333618164062,442.3006591796875,0.8648408055305481,400.3547668457031,463.41632080078125,0.6691614389419556,268.3692932128906,461.8707275390625,0.7302466630935669,431.4541015625,480.0,0.007556210737675428,206.52017211914062,457.8620910644531,0.009245771914720535,472.6780700683594,480.0,0.0005963711882941425,260.7450256347656,452.7791748046875,0.0006809429614804685,0
340.3074645996094,96.85812377929688,0.9979662895202637,360.8334655761719,80.80813598632812,0.9932154417037964,322.546142578125,79.1947021484375,0.9935520887374878,385.427001953125,101.74275207519531,0.9045987129211426,296.4900817871094,97.80001831054688,0.887936532497406,433.3410949707031,214.26193237304688,0.9927055239677429,241.47720336914062,212.90145874023438,0.9965425133705139,488.5651550292969,344.7933044433594,0.9345338940620422,188.60162353515625,345.6781005859375,0.9663545489311218,494.322509765625,445.309326171875,0.8040189743041992,185.47592163085938,444.32513427734375,0.8630316257476807,402.95440673828125,464.58709716796875,0.6620357632637024,270.0644226074219,462.9320373535156,0.7290664911270142,434.8963623046875,480.0,0.007274978794157505,207.49261474609375,457.719482421875,0.009119171649217606,477.7264404296875,480.0,0.0005849286098964512,263.76446533203125,451.8418273925781,0.0006822593859396875,0
340.397705078125,96.52742004394531,0.9979423880577087,361.0705871582031,80.79573059082031,0.9932776093482971,323.3179626464844,78.86676025390625,0.9933598637580872,385.8513488769531,101.54130554199219,0.9066435694694519,298.12109375,96.68354797363281,0.8825938701629639,432.9055480957031,212.69540405273438,0.9926097989082336,242.82589721679688,210.44598388671875,0.9964278340339661,489.18701171875,344.5272521972656,0.9343317747116089,188.36959838867188,344.40869140625,0.9654586911201477,494.8603515625,445.1701354980469,0.8039969801902771,185.70176696777344,445.41070556640625,0.859549880027771,401.50262451171875,463.24224853515625,0.6530322432518005,269.742431640625,461.40374755859375,0.7189491391181946,432.49755859375,477.98162841796875,0.007308141328394413,207.57107543945312,455.12347412109375,0.009108754806220531,473.2812194824219,480.0,0.0006046425551176071,263.2220458984375,451.0124816894531,0.0006999622564762831,0
340.4949035644531,96.929443359375,0.9979698061943054,361.19757080078125,80.75064086914062,0.9933198690414429,323.1149597167969,79.10244750976562,0.9933998584747314,386.36279296875,100.8299560546875,0.9074297547340393,297.8397521972656,96.68592834472656,0.8813683986663818,433.4506530761719,212.46978759765625,0.9926996827125549,243.0969696044922,210.09219360351562,0.9965102076530457,488.5453186035156,344.51763916015625,0.9349917769432068,188.2293701171875,343.3222351074219,0.9664857387542725,494.0999450683594,444.97418212890625,0.8064475655555725,184.09974670410156,445.0238037109375,0.8621623516082764,399.70916748046875,462.7484130859375,0.6585187315940857,267.9664306640625,460.460205078125,0.7255378365516663,428.3720703125,477.9947509765625,0.007467715535312891,204.4295654296875,454.18194580078125,0.009339084848761559,468.7145690917969,480.0,0.0006101755425333977,258.83642578125,449.7365417480469,0.0007074690074659884,0
340.4949035644531,96.929443359375,0.9979698061943054,361.19757080078125,80.75064086914062,0.9933198690414429,323.1149597167969,79.10244750976562,0.9933998584747314,386.36279296875,100.8299560546875,0.9074297547340393,297.8397521972656,96.68592834472656,0.8813683986663818,433.4506530761719,212.46978759765625,0.9926996827125549,243.0969696044922,210.09219360351562,0.9965102076530457,488.5453186035156,344.51763916015625,0.9349917769432068,188.2293701171875,343.3222351074219,0.9664857387542725,494.0999450683594,444.97418212890625,0.8064475655555725,184.09974670410156,445.0238037109375,0.8621623516082764,399.70916748046875,462.7484130859375,0.6585187315940857,267.9664306640625,460.460205078125,0.7255378365516663,428.3720703125,477.9947509765625,0.007467715535312891,204.4295654296875,454.18194580078125,0.009339084848761559,468.7145690917969,480.0,0.0006101755425333977,258.83642578125,449.7365417480469,0.0007074690074659884,0
341.41949462890625,96.21360778808594,0.9979684948921204,361.3764953613281,80.00727844238281,0.9930716156959534,324.0841979980469,78.71188354492188,0.9935457110404968,385.4667663574219,99.45062255859375,0.9018537402153015,298.79071044921875,96.13117980957031,0.887391984462738,433.01983642578125,211.30532836914062,0.9928673505783081,243.58859252929688,208.87103271484375,0.9965873956680298,488.4790344238281,344.92333984375,0.9360867142677307,188.86631774902344,342.7044982910156,0.967139482498169,495.7943115234375,446.2423095703125,0.8023198843002319,184.68740844726562,445.0538330078125,0.8602765202522278,398.9010925292969,463.3550720214844,0.6704181432723999,267.5762939453125,461.01092529296875,0.7357091903686523,428.28179931640625,480.0,0.0074707274325191975,204.2235107421875,456.9454345703125,0.00931059755384922,471.69091796875,480.0,0.0005962827708572149,258.38818359375,451.3564147949219,0.0006889463984407485,0
340.9373474121094,96.33346557617188,0.99795001745224,361.2483215332031,79.99588012695312,0.9933229088783264,323.73577880859375,78.732666015625,0.993305504322052,386.2417297363281,99.77372741699219,0.9098875522613525,299.22821044921875,96.47105407714844,0.8812277913093567,434.79541015625,213.098388671875,0.992731511592865,243.5880126953125,210.4673614501953,0.996496856212616,488.4429016113281,346.30194091796875,0.9338939189910889,189.13421630859375,343.4814147949219,0.9653370380401611,495.30224609375,446.7833557128906,0.797355055809021,185.1831817626953,446.4042663574219,0.8532401919364929,401.62030029296875,465.32720947265625,0.6482846736907959,269.2351379394531,462.8963317871094,0.7159332633018494,432.1583557128906,479.7984924316406,0.007057600189000368,205.4234161376953,453.7810974121094,0.008759350515902042,480.0377502441406,480.0,0.0005913525819778442,264.2271728515625,448.62310791015625,0.0006872453959658742,0
341.1691589355469,96.41300964355469,0.9979523420333862,361.95245361328125,80.76152038574219,0.9933637380599976,323.99554443359375,78.86724853515625,0.993281364440918,386.9068298339844,101.83270263671875,0.9097671508789062,298.77899169921875,97.06298828125,0.880990743637085,433.95220947265625,213.20899963378906,0.9929313659667969,243.04940795898438,210.4355926513672,0.9964894652366638,488.5982360839844,345.4225158691406,0.9375162720680237,188.5460205078125,343.8714294433594,0.9658792018890381,494.135498046875,446.0907287597656,0.8088887929916382,185.109375,445.13958740234375,0.859271764755249,401.0035095214844,463.090087890625,0.6656469702720642,268.6735534667969,460.8141174316406,0.7274356484413147,431.3465881347656,478.41571044921875,0.007608154788613319,204.98129272460938,454.59942626953125,0.009312748908996582,473.00286865234375,480.0,0.0006143592181615531,260.7984619140625,451.0874938964844,0.0007026553503237665,0
341.8334045410156,96.57449340820312,0.9979066848754883,362.23974609375,80.76918029785156,0.993190586566925,324.7138671875,78.98625183105469,0.9931528568267822,386.5413818359375,101.34262084960938,0.9087144136428833,299.4360656738281,96.87068176269531,0.8839186429977417,434.4486389160156,213.55926513671875,0.9930979609489441,242.8070526123047,211.41909790039062,0.9964976906776428,489.3114013671875,345.73004150390625,0.9369614124298096,188.5449676513672,345.52978515625,0.9641190767288208,494.9145202636719,446.9346008300781,0.8045456409454346,185.54489135742188,446.6300048828125,0.8525948524475098,402.422607421875,464.34368896484375,0.6560768485069275,270.2272644042969,462.34625244140625,0.7157689929008484,432.6441650390625,479.45074462890625,0.007458670064806938,208.45729064941406,454.61834716796875,0.008968392387032509,475.91693115234375,480.0,0.0006143876235000789,267.51220703125,450.4847412109375,0.0006979210302233696,0
341.8468017578125,96.59527587890625,0.9979475140571594,361.9276123046875,80.49298095703125,0.9932346940040588,324.66827392578125,78.99064636230469,0.9932194352149963,386.06024169921875,100.2027587890625,0.9056095480918884,299.462646484375,96.39491271972656,0.8822807669639587,433.3954772949219,211.92318725585938,0.993129551410675,243.64300537109375,210.132080078125,0.9964314699172974,489.1912841796875,344.51434326171875,0.9395434260368347,187.87574768066406,344.4986877441406,0.9646837115287781,495.9945068359375,446.80755615234375,0.8118453621864319,185.39649963378906,446.6988220214844,0.856239378452301,401.16583251953125,463.84405517578125,0.6618651747703552,269.8088073730469,462.1827697753906,0.7181802988052368,431.9673767089844,478.24847412109375,0.0074777668341994286,208.33770751953125,454.8576354980469,0.008885441347956657,474.548583984375,480.0,0.0006152894929982722,264.1425476074219,449.5523986816406,0.000689996755681932,0
341.7635498046875,96.17791748046875,0.997955322265625,362.2401428222656,80.62217712402344,0.9932196736335754,324.6709899902344,78.76029968261719,0.9932979941368103,386.5801696777344,101.25779724121094,0.905113697052002,299.28363037109375,96.56373596191406,0.8818849921226501,432.950439453125,211.77645874023438,0.9930014610290527,243.61468505859375,208.92181396484375,0.9963805079460144,489.2294921875,344.26513671875,0.9389348030090332,188.75692749023438,342.52593994140625,0.9649837017059326,495.77679443359375,445.5441589355469,0.8128617405891418,184.74505615234375,445.453125,0.85785973072052,399.22747802734375,462.76043701171875,0.6597689390182495,268.0855407714844,460.6164855957031,0.7172836661338806,429.76800537109375,475.9991455078125,0.007596107199788094,207.17486572265625,453.01763916015625,0.009114003740251064,470.07281494140625,480.0,0.0006224223761819303,262.5418701171875,450.691650390625,0.0007003168575465679,0
341.5918273925781,96.59593200683594,0.9979221224784851,362.19158935546875,80.8719482421875,0.9932892918586731,324.2369689941406,79.09107971191406,0.9931386113166809,386.8751220703125,101.87432861328125,0.9081868529319763,298.7841796875,97.45724487304688,0.8818057775497437,433.7775573730469,213.60011291503906,0.993089497089386,242.51429748535156,211.6730499267578,0.9963603615760803,488.5349426269531,344.0748291015625,0.9387755393981934,187.62142944335938,344.88671875,0.9632487893104553,495.0743103027344,445.60986328125,0.8100206851959229,185.48802185058594,446.53106689453125,0.8517786264419556,401.3363037109375,465.748046875,0.6607706546783447,269.06298828125,464.0400390625,0.7150592803955078,433.21112060546875,480.0,0.007305236533284187,209.27098083496094,456.7118225097656,0.008593589998781681,475.69189453125,480.0,0.0005989570054225624,267.94769287109375,451.1939697265625,0.0006693903123959899,0
341.5427551269531,96.46351623535156,0.9978986978530884,362.07427978515625,81.02351379394531,0.9931529760360718,324.597412109375,78.75196838378906,0.9930556416511536,386.24896240234375,101.78630065917969,0.9075412750244141,299.1326904296875,96.24028015136719,0.8827370405197144,433.338623046875,212.79103088378906,0.9933203458786011,242.40933227539062,210.0120086669922,0.9964532852172852,489.11785888671875,344.2472839355469,0.939656138420105,188.15643310546875,344.17034912109375,0.9639876484870911,495.614013671875,446.5052795410156,0.8094848990440369,184.9549560546875,445.340087890625,0.8528119325637817,400.86285400390625,464.18194580078125,0.6682718396186829,269.11236572265625,461.8570251464844,0.7219957113265991,431.633056640625,480.0,0.007636303547769785,209.06222534179688,455.5589904785156,0.00902604404836893,470.96209716796875,480.0,0.0006155006121844053,266.17779541015625,451.1434326171875,0.0006903881439939141,0
341.4212646484375,96.02554321289062,0.9979350566864014,362.1353759765625,80.63163757324219,0.9932896494865417,324.5400390625,78.27581787109375,0.993148148059845,386.4729309082031,101.87277221679688,0.9078721404075623,299.01446533203125,96.12747192382812,0.879660427570343,432.80303955078125,213.206298828125,0.9931691884994507,243.16290283203125,210.53021240234375,0.9964033365249634,489.4932556152344,343.86981201171875,0.9408332705497742,188.85809326171875,343.53173828125,0.9650982618331909,492.9805908203125,445.4459228515625,0.8186614513397217,184.9762725830078,444.25982666015625,0.8610329031944275,401.24981689453125,463.40155029296875,0.6801136136054993,269.83270263671875,461.353271484375,0.7338920831680298,433.26116943359375,480.0,0.007854722440242767,209.06817626953125,458.5928649902344,0.009351723827421665,472.72332763671875,480.0,0.0006186736281961203,264.12469482421875,453.7109375,0.0006938784499652684,0
341.2003173828125,95.55987548828125,0.9979673027992249,361.730712890625,79.86312866210938,0.9933382272720337,324.1661376953125,77.769287109375,0.9932079911231995,386.28961181640625,100.39805603027344,0.9058164954185486,298.9739990234375,95.29417419433594,0.8787463307380676,432.58721923828125,211.65921020507812,0.9930500984191895,243.16473388671875,208.7718963623047,0.996260404586792,488.39190673828125,344.2349853515625,0.9404088854789734,188.17466735839844,343.4983825683594,0.9643572568893433,494.6628723144531,444.2084045410156,0.8191243410110474,186.33499145507812,445.3487548828125,0.8596713542938232,399.79998779296875,463.2362060546875,0.6574373245239258,268.3486022949219,461.2491455078125,0.7112337350845337,434.04376220703125,475.49859619140625,0.007462359499186277,209.3927764892578,452.5284423828125,0.008852867409586906,472.8318176269531,480.0,0.0006119098397903144,262.47796630859375,449.6747741699219,0.0006840859423391521,0
341.95068359375,96.39122009277344,0.9979832172393799,362.2299499511719,80.48381042480469,0.9930474162101746,324.72320556640625,78.23283386230469,0.9935745596885681,385.88232421875,100.35943603515625,0.896034836769104,298.4170837402344,94.95046997070312,0.8882908225059509,431.838623046875,211.52569580078125,0.9928699135780334,242.6278533935547,208.84310913085938,0.9963818788528442,488.40203857421875,342.80059814453125,0.9384081959724426,189.01211547851562,343.0699768066406,0.9656941890716553,495.1413879394531,444.9097900390625,0.8119111061096191,186.19435119628906,446.39788818359375,0.8617768287658691,400.4991455078125,463.1242370605469,0.6663873195648193,269.1734313964844,461.1357116699219,0.7246098518371582,434.7355651855469,479.4205627441406,0.007470646407455206,209.67398071289062,455.6545715332031,0.00906100869178772,473.2042541503906,480.0,0.0006063602631911635,261.5277099609375,450.935302734375,0.0006878137937746942,0
341.7484130859375,95.82481384277344,0.9979680180549622,361.93963623046875,80.34681701660156,0.9930441975593567,324.6492919921875,78.11619567871094,0.9935142993927002,385.4254455566406,100.96540832519531,0.8982126116752625,298.59100341796875,95.57476806640625,0.8882631659507751,432.19195556640625,211.72344970703125,0.9929028153419495,242.75863647460938,209.0404052734375,0.9964134097099304,489.54339599609375,344.2953186035156,0.9374104738235474,188.56954956054688,343.8789367675781,0.9654022455215454,495.775146484375,444.9764404296875,0.8088782429695129,184.61541748046875,446.18743896484375,0.8602651357650757,402.0734558105469,462.38916015625,0.6554400324821472,270.7872009277344,460.5615539550781,0.7159320116043091,435.923095703125,476.6898498535156,0.00738451536744833,211.70208740234375,453.77667236328125,0.009010366164147854,474.72430419921875,480.0,0.000603590568061918,265.0610656738281,450.5859375,0.0006880980217829347,0
341.587890625,96.05599975585938,0.9979830980300903,361.71746826171875,80.16639709472656,0.9931892156600952,324.3055725097656,78.23735046386719,0.9934096336364746,385.64678955078125,100.20359802246094,0.9012954235076904,298.6317443847656,95.60385131835938,0.8838085532188416,432.7034912109375,211.76168823242188,0.9930114150047302,243.38180541992188,208.94541931152344,0.9963068962097168,489.46978759765625,344.31787109375,0.9392003417015076,189.1397247314453,342.8636779785156,0.9648096561431885,496.12744140625,445.32574462890625,0.8140090107917786,185.2416229248047,447.21807861328125,0.8592419624328613,401.5950012207031,463.07635498046875,0.6515403389930725,270.2857971191406,461.13525390625,0.7084094882011414,437.50079345703125,475.01312255859375,0.007321322802454233,212.7047882080078,451.400390625,0.008799007162451744,477.9183349609375,480.0,0.000611610128544271,265.8009338378906,448.1019287109375,0.0006920204614289105,0
343.582763671875,126.65017700195312,0.9978281855583191,366.6455383300781,105.73091125488281,0.9927226901054382,321.8517150878906,103.81265258789062,0.9937458038330078,393.72979736328125,120.16531372070312,0.8905901312828064,288.8766174316406,115.98861694335938,0.9018301963806152,441.807861328125,230.46034240722656,0.9924951791763306,233.554931640625,233.34304809570312,0.9962577819824219,499.63787841796875,368.682373046875,0.9066064357757568,184.2769775390625,377.23626708984375,0.9485841989517212,488.9469909667969,473.4041442871094,0.7428382635116577,188.40927124023438,465.604248046875,0.8271751999855042,415.4451904296875,466.96697998046875,0.48006391525268555,276.898193359375,468.4704895019531,0.5489230751991272,459.7755126953125,451.241943359375,0.0072088222950696945,243.93511962890625,432.1109313964844,0.009338400326669216,475.4412536621094,479.5465393066406,0.0009103352786041796,304.59033203125,440.4741516113281,0.001098005915991962,1
343.2653503417969,126.83621215820312,0.9978787899017334,366.5653381347656,105.81709289550781,0.9929366707801819,321.708740234375,103.94609069824219,0.9937408566474915,393.93511962890625,120.08505249023438,0.8937848806381226,288.9801330566406,115.90225219726562,0.8968765139579773,441.6225891113281,230.20814514160156,0.9926182627677917,234.07785034179688,232.94078063964844,0.9962202906608582,500.66973876953125,368.09844970703125,0.9117923378944397,184.8684539794922,375.4215087890625,0.9500176906585693,489.3270263671875,473.0467529296875,0.7569966316223145,186.5895233154297,463.711181640625,0.8332338333129883,414.68133544921875,467.36358642578125,0.4954250454902649,276.1796569824219,468.8177490234375,0.5615822076797485,459.35394287109375,450.4586181640625,0.00757188256829977,241.5322265625,432.2954406738281,0.009697627276182175,477.79022216796875,478.77044677734375,0.000950322428252548,302.6445617675781,441.70904541015625,0.001134555321186781,1
343.2745666503906,126.42538452148438,0.9978454113006592,367.15423583984375,106.06109619140625,0.9930574893951416,322.0776672363281,103.38143920898438,0.9935593605041504,394.8190612792969,121.66268920898438,0.8984484076499939,289.5615234375,115.57940673828125,0.8959449529647827,441.3052978515625,230.90771484375,0.99273282289505,233.98757934570312,233.3018035888672,0.9962483048439026,500.89117431640625,367.3265075683594,0.912230908870697,183.94097900390625,376.7259521484375,0.9491060972213745,489.4940185546875,472.79443359375,0.7571038603782654,188.5692901611328,464.62042236328125,0.8313723206520081,415.806396484375,467.38787841796875,0.49863070249557495,277.6585998535156,469.107421875,0.5617507100105286,461.54840087890625,450.47259521484375,0.007666636258363724,245.98129272460938,433.44696044921875,0.009792606346309185,474.85040283203125,477.86700439453125,0.0009637759067118168,307.24603271484375,442.88763427734375,0.0011485869763419032,1
343.27215576171875,126.57330322265625,0.9978603720664978,367.029296875,106.51063537597656,0.9930906295776367,322.31610107421875,103.69178771972656,0.9937120676040649,394.4925537109375,122.27738952636719,0.8986918330192566,290.0875549316406,115.90231323242188,0.8976755142211914,441.52703857421875,231.30279541015625,0.9925018548965454,234.0189208984375,232.93382263183594,0.9962887763977051,500.7027587890625,368.05889892578125,0.9086983799934387,183.4659423828125,376.33465576171875,0.950347900390625,490.1622314453125,472.5703125,0.7483999133110046,186.91973876953125,464.96221923828125,0.8307977318763733,414.8201599121094,468.102294921875,0.4944036602973938,276.2323913574219,469.1290283203125,0.5640790462493896,459.7130126953125,451.8431396484375,0.007432593498378992,241.23678588867188,433.2815856933594,0.009701821953058243,473.3274841308594,479.7726745605469,0.0009357036324217916,300.99200439453125,443.0010986328125,0.0011316054733470082,1
343.5077209472656,126.36422729492188,0.9978654980659485,366.70172119140625,105.55097961425781,0.9929338693618774,322.0534362792969,103.48973083496094,0.9936256408691406,393.71453857421875,120.16047668457031,0.89165860414505,289.197509765625,115.51803588867188,0.89573073387146,440.6311340332031,230.1206512451172,0.9926222562789917,234.14590454101562,232.97122192382812,0.9960567951202393,499.5814208984375,367.9776611328125,0.9131894707679749,184.3181915283203,376.6617736816406,0.9476763010025024,490.4739685058594,472.3848876953125,0.7622387409210205,187.60040283203125,463.791748046875,0.8313741087913513,414.39935302734375,466.49224853515625,0.48900243639945984,276.67034912109375,468.21051025390625,0.5486660003662109,458.099365234375,448.3353271484375,0.007663364987820387,241.61691284179688,431.228759765625,0.009568062610924244,473.6430358886719,477.3023681640625,0.0009639738127589226,300.432373046875,441.59307861328125,0.0011278329184278846,1
342.3668518066406,126.28616333007812,0.9978615641593933,366.20831298828125,105.84591674804688,0.9932196736335754,321.2893981933594,103.25950622558594,0.9934667944908142,394.0833435058594,121.243408203125,0.9018315672874451,289.23577880859375,115.36758422851562,0.8907649517059326,441.0622863769531,230.70933532714844,0.9926875829696655,234.52386474609375,232.820068359375,0.9961674809455872,500.6042785644531,367.94696044921875,0.9134376049041748,184.5308380126953,376.1346740722656,0.949524462223053,489.583984375,472.48736572265625,0.7616961598396301,188.0069122314453,464.2530517578125,0.8331424593925476,416.0101318359375,467.373779296875,0.4972386062145233,278.0379638671875,468.83660888671875,0.560624361038208,460.9293518066406,450.3634033203125,0.007542681880295277,243.78054809570312,433.2658386230469,0.009617524221539497,475.61358642578125,477.79522705078125,0.0009381146519444883,303.7377014160156,443.04559326171875,0.001116868807002902,1
342.8059387207031,126.95274353027344,0.9978407621383667,366.2102355957031,105.7449951171875,0.9929386973381042,321.3755798339844,103.68281555175781,0.9934671521186829,393.6512451171875,119.76380920410156,0.8948320746421814,288.7685852050781,115.16786193847656,0.8918812870979309,440.6647644042969,230.8206329345703,0.9927231669425964,234.2794647216797,233.5669708251953,0.9960072636604309,500.51708984375,368.6217041015625,0.9130353331565857,185.22073364257812,376.6461486816406,0.9463990926742554,489.14202880859375,470.9437561035156,0.7659838795661926,187.04440307617188,464.38043212890625,0.8300536870956421,414.0469055175781,466.5796203613281,0.4907393455505371,276.87554931640625,468.2722473144531,0.5483186841011047,458.5709228515625,449.8746337890625,0.007821659557521343,245.06594848632812,432.96173095703125,0.009741217829287052,474.967529296875,477.3252258300781,0.0009796895319595933,305.3113098144531,442.63922119140625,0.001147260656580329,1
342.4727478027344,127.17742919921875,0.9978723526000977,366.4874572753906,106.49508666992188,0.993168830871582,321.2764892578125,103.79740905761719,0.9935630559921265,394.33941650390625,121.55181884765625,0.8981569409370422,288.736083984375,115.46054077148438,0.890080451965332,440.335693359375,230.787353515625,0.9924936294555664,234.30987548828125,232.94227600097656,0.996024489402771,500.22344970703125,367.6556396484375,0.9128156900405884,184.69371032714844,375.94219970703125,0.9489380121231079,487.77044677734375,473.505859375,0.7650879621505737,186.6617889404297,464.458984375,0.8357791304588318,413.26226806640625,466.168212890625,0.4985179901123047,275.62799072265625,467.501220703125,0.560933530330658,458.0224914550781,448.62451171875,0.007985992357134819,241.15011596679688,432.37213134765625,0.010179271921515465,469.76177978515625,476.4686279296875,0.0010120372753590345,297.7925720214844,443.6399230957031,0.001198700862005353,1
342.5687255859375,127.19534301757812,0.9978306889533997,366.4255065917969,106.65922546386719,0.9929935336112976,321.38507080078125,103.92990112304688,0.9934484362602234,393.9862060546875,121.61776733398438,0.8955872058868408,288.6568908691406,115.39682006835938,0.8923050761222839,439.93133544921875,230.52569580078125,0.9926015734672546,233.70751953125,232.71754455566406,0.9959813356399536,500.3555603027344,368.50152587890625,0.9118801355361938,184.22702026367188,377.5015869140625,0.9461910128593445,488.5030517578125,473.98358154296875,0.7589818835258484,189.37649536132812,466.4427490234375,0.8271369338035583,414.3763427734375,466.6707458496094,0.4716275930404663,277.0114440917969,468.41900634765625,0.5294052362442017,459.48223876953125,446.3984375,0.007199831772595644,246.06765747070312,430.4990539550781,0.009019657038152218,470.782470703125,473.8252868652344,0.0009310916066169739,306.16162109375,440.74176025390625,0.0010910368291661143,1
342.3017272949219,126.78338623046875,0.997863233089447,365.7313537597656,106.59524536132812,0.9930393099784851,321.2785339355469,104.01533508300781,0.9935895204544067,392.986083984375,121.8228759765625,0.8977068066596985,288.9284362792969,116.06184387207031,0.8937212824821472,440.3398742675781,230.4766845703125,0.9928644895553589,234.53756713867188,232.37823486328125,0.9962849617004395,501.0261535644531,370.5630187988281,0.9130122065544128,184.12986755371094,377.56640625,0.950648307800293,487.6864013671875,474.86199951171875,0.7559534907341003,186.17767333984375,465.9559326171875,0.8327174186706543,415.13055419921875,466.07086181640625,0.5057300925254822,277.5956115722656,467.36114501953125,0.5712293386459351,459.5791931152344,450.79193115234375,0.007839315570890903,243.825439453125,434.4197998046875,0.010107199661433697,471.5079650878906,476.887939453125,0.0009666368714533746,301.1530456542969,443.45379638671875,0.0011552689829841256,1
342.189453125,126.78668212890625,0.9978657364845276,365.96429443359375,106.19584655761719,0.9931570887565613,321.12359619140625,103.55238342285156,0.9935082197189331,393.66851806640625,121.28941345214844,0.9000424742698669,288.94482421875,115.34591674804688,0.891036331653595,440.42474365234375,231.8751220703125,0.992734432220459,234.41152954101562,233.47314453125,0.9961554408073425,500.73358154296875,369.6636962890625,0.9115956425666809,184.24212646484375,376.5105895996094,0.9483033418655396,489.63433837890625,473.6578369140625,0.755829393863678,185.72731018066406,465.49151611328125,0.8286106586456299,415.2180480957031,468.543212890625,0.49519920349121094,277.9467468261719,469.8330078125,0.5581839680671692,460.76385498046875,452.2587890625,0.007571617607027292,246.01162719726562,434.90899658203125,0.009655732661485672,476.0935974121094,478.2655029296875,0.0009556932491250336,306.6662292480469,443.4642639160156,0.0011383822420611978,1
342.20806884765625,126.37094116210938,0.9978705644607544,366.0184020996094,106.39051818847656,0.9932246804237366,321.13739013671875,103.83607482910156,0.9934746623039246,393.78814697265625,122.56106567382812,0.9026758074760437,289.0666809082031,116.78378295898438,0.8907763957977295,440.36431884765625,230.8293914794922,0.992979109287262,234.88436889648438,233.13331604003906,0.9962595701217651,500.85430908203125,368.1297912597656,0.9162039756774902,184.23448181152344,376.1044921875,0.9501534104347229,489.1005554199219,471.548095703125,0.7641175985336304,185.30580139160156,464.2257080078125,0.8324421644210815,415.8662109375,466.48699951171875,0.5127840638160706,278.62384033203125,468.27923583984375,0.5735681056976318,461.60076904296875,449.4841003417969,0.008033365942537785,246.86607360839844,433.8174743652344,0.01016661524772644,475.9818115234375,476.5135192871094,0.000985812395811081,307.5601501464844,444.11444091796875,0.001166272908449173,1
342.1636047363281,127.09268188476562,0.9978542923927307,365.85406494140625,106.66056823730469,0.9931594133377075,321.12091064453125,104.24102783203125,0.9934501647949219,393.5301513671875,121.80935668945312,0.9037342667579651,289.0740051269531,116.30352783203125,0.8920224905014038,441.6661376953125,231.5831298828125,0.9930045008659363,234.07269287109375,233.6063995361328,0.9963488578796387,501.70263671875,370.1642761230469,0.9129462838172913,184.41600036621094,377.36199951171875,0.9496652483940125,489.98480224609375,474.0853271484375,0.754626452922821,185.85772705078125,465.0945129394531,0.8273833394050598,415.54644775390625,469.5967102050781,0.5014219880104065,277.27105712890625,470.58477783203125,0.5662211179733276,457.195068359375,453.9294128417969,0.007535328157246113,241.53466796875,435.09320068359375,0.00959119014441967,473.6711730957031,480.0,0.0009316275245510042,304.6551818847656,443.72137451171875,0.001111346296966076,1
342.37530517578125,127.0311279296875,0.9978772401809692,366.06427001953125,106.62971496582031,0.9931249022483826,321.06072998046875,104.31767272949219,0.9937149882316589,393.82098388671875,122.20645141601562,0.8991391658782959,288.8082275390625,116.98506164550781,0.8951565623283386,441.28564453125,232.01194763183594,0.9923704862594604,234.3951873779297,234.02169799804688,0.9962512850761414,501.45965576171875,370.10662841796875,0.9056664705276489,183.76966857910156,377.23175048828125,0.9496379494667053,490.8163146972656,474.3702697753906,0.7450916171073914,185.85794067382812,465.4475402832031,0.8301898241043091,414.48284912109375,469.4061279296875,0.4784494936466217,276.5934143066406,470.550048828125,0.5510618686676025,456.2791442871094,451.00146484375,0.007222204934805632,241.43324279785156,433.40032958984375,0.009512444026768208,470.1705017089844,479.2484436035156,0.0009277185890823603,302.06939697265625,443.62799072265625,0.0011269538663327694,1
342.22772216796875,127.2734375,0.9978620409965515,366.27642822265625,106.684814453125,0.9931744933128357,320.982177734375,104.17227172851562,0.9936485886573792,394.408935546875,121.99833679199219,0.9016520380973816,288.7869567871094,116.26722717285156,0.8935049772262573,441.66363525390625,231.82972717285156,0.9923845529556274,234.0894012451172,233.39857482910156,0.9962712526321411,500.8032531738281,370.12054443359375,0.9056423306465149,183.8173065185547,376.75994873046875,0.9497909545898438,489.267333984375,473.8547058105469,0.7444743514060974,185.74072265625,465.2109375,0.829343855381012,414.5450134277344,468.8116455078125,0.48309820890426636,276.21722412109375,469.6764831542969,0.5563911199569702,456.33990478515625,451.610107421875,0.00732343690469861,240.44412231445312,433.3082580566406,0.009655842557549477,471.0934143066406,479.0854797363281,0.0009376996313221753,301.8106384277344,443.001708984375,0.0011416722554713488,1
342.2887268066406,126.9737548828125,0.997877836227417,366.1039123535156,106.575927734375,0.9931174516677856,320.80084228515625,104.06809997558594,0.9936574101448059,393.8114929199219,122.314697265625,0.8988422751426697,288.0350646972656,116.73834228515625,0.8950029015541077,441.0858459472656,231.10543823242188,0.9927000403404236,233.8909912109375,233.77716064453125,0.9962958693504333,501.1505126953125,368.2882080078125,0.9113974571228027,183.99232482910156,377.0477600097656,0.9506145715713501,489.2579345703125,474.06060791015625,0.7551107406616211,185.3782196044922,464.2460021972656,0.8346418738365173,416.00537109375,467.3310546875,0.5016555190086365,277.7885437011719,468.82781982421875,0.5693755149841309,459.92291259765625,451.37078857421875,0.00770489452406764,243.91845703125,434.18768310546875,0.009994642809033394,471.890625,479.27496337890625,0.0009525800705887377,302.79205322265625,444.2229919433594,0.0011469858000054955,1
342.0882568359375,126.70559692382812,0.9978868365287781,365.7528076171875,105.84539794921875,0.9930768013000488,320.2878112792969,103.719482421875,0.9938494563102722,393.65875244140625,121.02310180664062,0.8964219093322754,287.52398681640625,116.38595581054688,0.8964288234710693,441.8143310546875,231.54534912109375,0.991979718208313,233.85687255859375,233.92474365234375,0.9962441921234131,500.20294189453125,370.05224609375,0.9002079963684082,183.9203643798828,377.0102844238281,0.9500001668930054,487.5962829589844,474.40460205078125,0.7370648980140686,185.22438049316406,463.17620849609375,0.8333747982978821,415.6636047363281,469.61468505859375,0.46769148111343384,277.0388488769531,470.57989501953125,0.5478249788284302,457.2092590332031,451.50054931640625,0.007022826466709375,240.9527587890625,432.61163330078125,0.009483056142926216,470.349609375,480.0,0.000911213515792042,300.1988525390625,442.62945556640625,0.0011286163935437799,1
341.8662109375,126.8759765625,0.9978883862495422,365.7075500488281,105.93524169921875,0.9932130575180054,320.3250427246094,103.69659423828125,0.993697464466095,393.77813720703125,120.98681640625,0.9010601043701172,287.94427490234375,116.02090454101562,0.8926870822906494,442.012451171875,231.911865234375,0.992304265499115,233.73715209960938,234.0166015625,0.9962329268455505,499.9569091796875,369.8005676269531,0.9056825041770935,184.41586303710938,376.5162658691406,0.950070321559906,488.06744384765625,473.3222351074219,0.7479254007339478,184.72142028808594,462.69512939453125,0.8333418369293213,415.0243225097656,469.58843994140625,0.48566117882728577,276.1145324707031,470.264892578125,0.5603970885276794,456.48516845703125,453.2998352050781,0.007377235218882561,237.95721435546875,433.53125,0.009731150232255459,472.39630126953125,480.0,0.0009313808404840529,297.802001953125,443.53192138671875,0.0011378179769963026,1
341.8105773925781,127.06881713867188,0.9978652596473694,365.0364685058594,105.781982421875,0.9931469559669495,320.003662109375,104.10566711425781,0.993544340133667,392.8597717285156,119.79855346679688,0.9008561968803406,287.5990905761719,116.27011108398438,0.8923261165618896,442.0724182128906,230.7229766845703,0.9927132725715637,233.74337768554688,234.4032745361328,0.9962471127510071,500.17242431640625,370.07733154296875,0.9084187150001526,183.9942169189453,378.9535827636719,0.9479383826255798,487.242919921875,474.657958984375,0.7481644749641418,185.50465393066406,464.46734619140625,0.8268296122550964,415.51605224609375,468.8595275878906,0.4851035177707672,276.98736572265625,470.2065124511719,0.5524492263793945,456.7244873046875,452.0764465332031,0.007499826140701771,241.23255920410156,432.7386474609375,0.009618332609534264,471.11578369140625,480.0,0.0009532733238302171,301.0094909667969,441.1922607421875,0.0011450458550825715,1
341.83258056640625,127.07847595214844,0.9978960752487183,366.08795166015625,106.05807495117188,0.993334174156189,320.62249755859375,103.20390319824219,0.993596076965332,394.41839599609375,120.8048095703125,0.9041456580162048,288.4096374511719,114.46914672851562,0.8893498182296753,442.3448486328125,232.29981994628906,0.9924371838569641,233.7825927734375,233.43304443359375,0.9962239265441895,500.89471435546875,369.6767578125,0.9067569375038147,184.28346252441406,375.7767333984375,0.9498651623725891,488.5862121582031,473.99334716796875,0.7514240741729736,182.63104248046875,463.4979553222656,0.8335177898406982,414.6025695800781,469.75244140625,0.4888280928134918,275.76007080078125,469.8071594238281,0.5618783831596375,456.4632263183594,454.6806945800781,0.007471551652997732,237.9580078125,433.86865234375,0.00983129907399416,470.50213623046875,480.0,0.0009444683091714978,296.7138977050781,443.1886901855469,0.0011545236920937896,1
341.6362609863281,126.93032836914062,0.997861921787262,366.0808410644531,106.19810485839844,0.9934553503990173,320.5309143066406,103.13912963867188,0.9933652281761169,394.4332275390625,121.64620971679688,0.9077597856521606,288.28753662109375,114.81210327148438,0.8862185478210449,442.09027099609375,232.07046508789062,0.9926435351371765,233.40731811523438,234.66189575195312,0.9961490631103516,501.31048583984375,369.23297119140625,0.9092257618904114,183.9108428955078,379.7479248046875,0.9469408392906189,488.3853759765625,473.88739013671875,0.7534817457199097,184.1048126220703,465.5995788574219,0.8254832625389099,415.6981201171875,469.4271545410156,0.4882745146751404,276.745849609375,470.2587585449219,0.552824079990387,456.8705749511719,453.44482421875,0.007529885042458773,238.5196075439453,434.0697937011719,0.00958121195435524,467.7803955078125,480.0,0.0009573432034812868,297.3046875,442.7279052734375,0.0011439044028520584,1
341.59210205078125,126.79641723632812,0.997856080532074,365.65032958984375,105.38111877441406,0.9933338761329651,319.9955749511719,103.21903991699219,0.9933711290359497,394.33056640625,119.83267211914062,0.9075734615325928,287.9864807128906,115.10211181640625,0.8858594298362732,442.8365783691406,232.11569213867188,0.9926101565361023,234.15283203125,233.96670532226562,0.9962073564529419,499.705810546875,371.4456481933594,0.9075576663017273,184.66119384765625,376.93145751953125,0.9482461214065552,486.67327880859375,475.4908447265625,0.7496967911720276,183.49044799804688,463.09320068359375,0.8281289935112,414.5181884765625,469.3426513671875,0.48449593782424927,275.8284912109375,469.633056640625,0.5545375943183899,454.73284912109375,453.8741455078125,0.007446356117725372,238.31365966796875,433.1165771484375,0.009633689187467098,470.77764892578125,480.0,0.0009396233363077044,298.8170166015625,441.6266784667969,0.0011366545222699642,1
341.3989562988281,126.37763977050781,0.9978606104850769,365.8458251953125,105.50985717773438,0.9933339953422546,319.94921875,102.99501037597656,0.9934072494506836,394.60113525390625,121.1632080078125,0.9079480171203613,287.7713317871094,115.44573974609375,0.8880054950714111,442.579833984375,232.1714630126953,0.9927076697349548,233.35867309570312,233.70623779296875,0.9962518811225891,500.5623779296875,370.6468200683594,0.9099393486976624,184.83200073242188,376.25958251953125,0.9492750763893127,487.4208984375,476.1588134765625,0.7519063353538513,185.7853240966797,463.4183044433594,0.8295729756355286,416.1270446777344,469.1353454589844,0.4844786822795868,276.7684631347656,469.7882080078125,0.5533484816551208,458.9657897949219,451.7201843261719,0.007232216186821461,240.89776611328125,432.1651916503906,0.009367250837385654,475.784912109375,479.4551086425781,0.0009098314912989736,304.21343994140625,441.8611145019531,0.001100650755688548,1
340.8360595703125,126.34989929199219,0.9978971481323242,365.3087463378906,105.34495544433594,0.9934413433074951,319.6987609863281,102.56221008300781,0.9933671355247498,394.00140380859375,120.46121215820312,0.9089347720146179,287.81005859375,114.172607421875,0.8846033811569214,442.00341796875,232.10511779785156,0.9928268194198608,233.503662109375,233.5460205078125,0.9962555170059204,500.7938537597656,369.8192138671875,0.9128869771957397,185.33164978027344,376.166015625,0.9503821730613708,488.4034423828125,474.23443603515625,0.7640851140022278,184.65159606933594,463.08441162109375,0.8361104130744934,415.5291748046875,470.62677001953125,0.49544551968574524,276.6157531738281,471.021240234375,0.5629842281341553,458.1473083496094,452.55828857421875,0.0076701706275343895,239.40524291992188,432.302978515625,0.00989422295242548,474.48193359375,480.0,0.0009701484232209623,301.2690734863281,442.8388671875,0.0011729130055755377,1
341.1104736328125,126.03076171875,0.9978677034378052,365.3040466308594,105.07427978515625,0.9932679533958435,319.48455810546875,102.62808227539062,0.9934003353118896,393.7435302734375,120.41000366210938,0.9051311612129211,286.99383544921875,114.95991516113281,0.8885972499847412,441.9199523925781,231.07931518554688,0.9927690029144287,233.34567260742188,233.6061553955078,0.9962474703788757,500.83416748046875,369.22467041015625,0.9109561443328857,185.056640625,377.3511962890625,0.9491742253303528,489.37640380859375,475.44451904296875,0.7543834447860718,185.15341186523438,465.10015869140625,0.8298584818840027,416.4585876464844,468.74957275390625,0.4830104112625122,277.69195556640625,469.7513427734375,0.5501173734664917,457.9718322753906,451.12139892578125,0.007255692034959793,241.786865234375,431.78704833984375,0.009330874308943748,472.0589294433594,479.3981628417969,0.0009118983871303499,303.1829833984375,441.4349670410156,0.0010986954439431429,1
341.0041809082031,125.85256958007812,0.9979026317596436,365.3083190917969,105.10957336425781,0.993382453918457,319.6194763183594,102.34037780761719,0.9934967756271362,393.5994567871094,120.78915405273438,0.9058595299720764,287.1405029296875,114.62409973144531,0.8871534466743469,441.84503173828125,231.57852172851562,0.992741048336029,233.33572387695312,233.3038330078125,0.9961955547332764,501.130859375,370.2290344238281,0.9114871025085449,185.48072814941406,376.906005859375,0.9496880769729614,487.5680847167969,473.9449157714844,0.7603362798690796,184.81471252441406,463.03228759765625,0.8343021869659424,416.1617431640625,469.1281433105469,0.4884020984172821,277.0779724121094,469.63726806640625,0.5558857321739197,458.451904296875,451.28582763671875,0.007461159024387598,239.60801696777344,431.77978515625,0.00961743388324976,472.197265625,479.7628173828125,0.0009319107630290091,299.24853515625,442.5736999511719,0.0011227219365537167,1
341.3170166015625,125.76812744140625,0.9978942275047302,365.50189208984375,104.58683776855469,0.9934367537498474,319.53216552734375,102.60279846191406,0.9934331178665161,394.309814453125,119.97955322265625,0.9085718989372253,287.3653564453125,115.52853393554688,0.8862818479537964,442.65838623046875,231.9056396484375,0.992904007434845,233.92120361328125,233.6634979248047,0.996242880821228,500.1014709472656,371.47052001953125,0.9123877286911011,184.89598083496094,376.2225036621094,0.9490851759910583,489.063232421875,474.4452819824219,0.7582142353057861,184.0456085205078,463.827392578125,0.8287805318832397,415.12457275390625,468.5643615722656,0.4961295425891876,276.1126403808594,469.16558837890625,0.5619735717773438,455.4925537109375,452.6981201171875,0.007597452029585838,238.25930786132812,433.1243896484375,0.009665482677519321,474.51104736328125,479.8570861816406,0.0009358507231809199,300.46160888671875,441.95635986328125,0.001117429113946855,1
341.1737060546875,125.84544372558594,0.9978952407836914,365.941162109375,105.27513122558594,0.9934808015823364,319.5988464355469,102.49188232421875,0.9935027956962585,394.8296813964844,121.95346069335938,0.9086780548095703,287.1639709472656,115.7052001953125,0.8861597776412964,442.4512939453125,232.34754943847656,0.9925554394721985,233.61212158203125,233.79586791992188,0.9961523413658142,500.6500244140625,369.92974853515625,0.9095960855484009,185.8056182861328,376.073974609375,0.9492380023002625,487.98876953125,473.9095458984375,0.7553994655609131,184.24220275878906,463.7886657714844,0.830659806728363,415.9501037597656,469.10955810546875,0.48472779989242554,276.514892578125,469.5479736328125,0.5536482930183411,458.4757995605469,450.253173828125,0.007436749059706926,239.0928192138672,430.67034912109375,0.009631295688450336,473.42425537109375,479.1343994140625,0.0009447252959944308,300.1445007324219,442.2484436035156,0.001142446300946176,1
341.2920837402344,126.07479858398438,0.9979081153869629,365.23828125,104.90437316894531,0.9933805465698242,319.17236328125,102.87423706054688,0.9935755133628845,393.68817138671875,120.3929443359375,0.902215838432312,286.34930419921875,116.06222534179688,0.8877972364425659,441.4920654296875,231.44114685058594,0.9926308393478394,233.9818878173828,234.4724884033203,0.9960100650787354,500.69390869140625,368.91558837890625,0.9119300246238708,185.49713134765625,376.9944763183594,0.9475941061973572,490.0030822753906,473.60382080078125,0.7591930627822876,185.2462615966797,464.2312927246094,0.8294650316238403,416.04779052734375,468.439453125,0.49267837405204773,277.45660400390625,469.85345458984375,0.5545148253440857,460.6219482421875,451.59796142578125,0.007472382392734289,242.90484619140625,433.5108642578125,0.009461482986807823,475.38690185546875,479.0069580078125,0.0009342991979792714,300.78759765625,442.4102478027344,0.0011099518742412329,1
340.95660400390625,126.18414306640625,0.9978705644607544,365.3546142578125,105.29183959960938,0.9933564066886902,319.1700744628906,102.71356201171875,0.9934212565422058,393.84844970703125,121.27545166015625,0.9044026732444763,286.35687255859375,115.55914306640625,0.8868671655654907,441.3077087402344,231.32559204101562,0.9926199316978455,233.52700805664062,234.52098083496094,0.996081531047821,500.6678466796875,368.601806640625,0.9107270240783691,185.7482147216797,378.3970031738281,0.9474668502807617,489.1869812011719,474.15362548828125,0.7561596035957336,185.56182861328125,464.1656494140625,0.8288189768791199,417.47186279296875,467.301025390625,0.488313227891922,278.927734375,468.82977294921875,0.551977276802063,460.7949523925781,449.0295715332031,0.007722083944827318,243.55239868164062,431.3294677734375,0.009848559275269508,473.17120361328125,476.8718566894531,0.0009854747913777828,302.53643798828125,441.4552307128906,0.0011787534458562732,1
